--
-- PostgreSQL database dump
--

-- Dumped from database version 16.0
-- Dumped by pg_dump version 16.0

SET statement_timeout = 0;
SET lock_timeout = 0;
SET idle_in_transaction_session_timeout = 0;
SET client_encoding = 'UTF8';
SET standard_conforming_strings = on;
SELECT pg_catalog.set_config('search_path', '', false);
SET check_function_bodies = false;
SET xmloption = content;
SET client_min_messages = warning;
SET row_security = off;

SET default_tablespace = '';

SET default_table_access_method = heap;

--
-- Name: adminPanel_categories; Type: TABLE; Schema: public; Owner: postgres
--

CREATE TABLE public."adminPanel_categories" (
    id bigint NOT NULL,
    "Name" character varying(50) NOT NULL,
    description character varying(500),
    is_active boolean NOT NULL
);


ALTER TABLE public."adminPanel_categories" OWNER TO postgres;

--
-- Name: adminPanel_categories_id_seq; Type: SEQUENCE; Schema: public; Owner: postgres
--

ALTER TABLE public."adminPanel_categories" ALTER COLUMN id ADD GENERATED BY DEFAULT AS IDENTITY (
    SEQUENCE NAME public."adminPanel_categories_id_seq"
    START WITH 1
    INCREMENT BY 1
    NO MINVALUE
    NO MAXVALUE
    CACHE 1
);


--
-- Name: adminPanel_categoryoffer; Type: TABLE; Schema: public; Owner: postgres
--

CREATE TABLE public."adminPanel_categoryoffer" (
    id bigint NOT NULL,
    discount_percentage numeric(5,2) NOT NULL,
    start_date date NOT NULL,
    end_date date NOT NULL,
    category_id bigint NOT NULL,
    is_active boolean NOT NULL
);


ALTER TABLE public."adminPanel_categoryoffer" OWNER TO postgres;

--
-- Name: adminPanel_categoryoffer_id_seq; Type: SEQUENCE; Schema: public; Owner: postgres
--

ALTER TABLE public."adminPanel_categoryoffer" ALTER COLUMN id ADD GENERATED BY DEFAULT AS IDENTITY (
    SEQUENCE NAME public."adminPanel_categoryoffer_id_seq"
    START WITH 1
    INCREMENT BY 1
    NO MINVALUE
    NO MAXVALUE
    CACHE 1
);


--
-- Name: adminPanel_coupons; Type: TABLE; Schema: public; Owner: postgres
--

CREATE TABLE public."adminPanel_coupons" (
    id bigint NOT NULL,
    name character varying(30) NOT NULL,
    created timestamp with time zone NOT NULL,
    is_active boolean NOT NULL,
    num bigint NOT NULL,
    coupon_type character varying(30) NOT NULL,
    discount double precision NOT NULL
);


ALTER TABLE public."adminPanel_coupons" OWNER TO postgres;

--
-- Name: adminPanel_coupons_id_seq; Type: SEQUENCE; Schema: public; Owner: postgres
--

ALTER TABLE public."adminPanel_coupons" ALTER COLUMN id ADD GENERATED BY DEFAULT AS IDENTITY (
    SEQUENCE NAME public."adminPanel_coupons_id_seq"
    START WITH 1
    INCREMENT BY 1
    NO MINVALUE
    NO MAXVALUE
    CACHE 1
);


--
-- Name: adminPanel_multipleimage; Type: TABLE; Schema: public; Owner: postgres
--

CREATE TABLE public."adminPanel_multipleimage" (
    id bigint NOT NULL,
    image character varying(100),
    product_id bigint NOT NULL
);


ALTER TABLE public."adminPanel_multipleimage" OWNER TO postgres;

--
-- Name: adminPanel_multipleimage_id_seq; Type: SEQUENCE; Schema: public; Owner: postgres
--

ALTER TABLE public."adminPanel_multipleimage" ALTER COLUMN id ADD GENERATED BY DEFAULT AS IDENTITY (
    SEQUENCE NAME public."adminPanel_multipleimage_id_seq"
    START WITH 1
    INCREMENT BY 1
    NO MINVALUE
    NO MAXVALUE
    CACHE 1
);


--
-- Name: adminPanel_product; Type: TABLE; Schema: public; Owner: postgres
--

CREATE TABLE public."adminPanel_product" (
    id bigint NOT NULL,
    title character varying(50) NOT NULL,
    description text NOT NULL,
    price integer NOT NULL,
    created_at timestamp with time zone NOT NULL,
    updated_at timestamp with time zone NOT NULL,
    category_id bigint NOT NULL,
    user_id bigint NOT NULL,
    image character varying(100),
    quantity integer NOT NULL,
    is_active boolean NOT NULL,
    "pincodePro" character varying(20) NOT NULL,
    security integer NOT NULL,
    address character varying(50) NOT NULL,
    availability boolean NOT NULL,
    city character varying(20) NOT NULL,
    phone character varying(20),
    state character varying(50) NOT NULL,
    street character varying(50) NOT NULL,
    rentable boolean NOT NULL,
    discounted_price integer NOT NULL,
    CONSTRAINT "adminPanel_product_quantity_1955a96f_check" CHECK ((quantity >= 0))
);


ALTER TABLE public."adminPanel_product" OWNER TO postgres;

--
-- Name: adminPanel_product_id_seq; Type: SEQUENCE; Schema: public; Owner: postgres
--

ALTER TABLE public."adminPanel_product" ALTER COLUMN id ADD GENERATED BY DEFAULT AS IDENTITY (
    SEQUENCE NAME public."adminPanel_product_id_seq"
    START WITH 1
    INCREMENT BY 1
    NO MINVALUE
    NO MAXVALUE
    CACHE 1
);


--
-- Name: adminPanel_productoffer; Type: TABLE; Schema: public; Owner: postgres
--

CREATE TABLE public."adminPanel_productoffer" (
    id bigint NOT NULL,
    discount_percentage numeric(5,2) NOT NULL,
    start_date date NOT NULL,
    end_date date NOT NULL,
    product_id bigint NOT NULL,
    is_active boolean NOT NULL
);


ALTER TABLE public."adminPanel_productoffer" OWNER TO postgres;

--
-- Name: adminPanel_productoffer_id_seq; Type: SEQUENCE; Schema: public; Owner: postgres
--

ALTER TABLE public."adminPanel_productoffer" ALTER COLUMN id ADD GENERATED BY DEFAULT AS IDENTITY (
    SEQUENCE NAME public."adminPanel_productoffer_id_seq"
    START WITH 1
    INCREMENT BY 1
    NO MINVALUE
    NO MAXVALUE
    CACHE 1
);


--
-- Name: auth_group; Type: TABLE; Schema: public; Owner: postgres
--

CREATE TABLE public.auth_group (
    id integer NOT NULL,
    name character varying(150) NOT NULL
);


ALTER TABLE public.auth_group OWNER TO postgres;

--
-- Name: auth_group_id_seq; Type: SEQUENCE; Schema: public; Owner: postgres
--

ALTER TABLE public.auth_group ALTER COLUMN id ADD GENERATED BY DEFAULT AS IDENTITY (
    SEQUENCE NAME public.auth_group_id_seq
    START WITH 1
    INCREMENT BY 1
    NO MINVALUE
    NO MAXVALUE
    CACHE 1
);


--
-- Name: auth_group_permissions; Type: TABLE; Schema: public; Owner: postgres
--

CREATE TABLE public.auth_group_permissions (
    id bigint NOT NULL,
    group_id integer NOT NULL,
    permission_id integer NOT NULL
);


ALTER TABLE public.auth_group_permissions OWNER TO postgres;

--
-- Name: auth_group_permissions_id_seq; Type: SEQUENCE; Schema: public; Owner: postgres
--

ALTER TABLE public.auth_group_permissions ALTER COLUMN id ADD GENERATED BY DEFAULT AS IDENTITY (
    SEQUENCE NAME public.auth_group_permissions_id_seq
    START WITH 1
    INCREMENT BY 1
    NO MINVALUE
    NO MAXVALUE
    CACHE 1
);


--
-- Name: auth_permission; Type: TABLE; Schema: public; Owner: postgres
--

CREATE TABLE public.auth_permission (
    id integer NOT NULL,
    name character varying(255) NOT NULL,
    content_type_id integer NOT NULL,
    codename character varying(100) NOT NULL
);


ALTER TABLE public.auth_permission OWNER TO postgres;

--
-- Name: auth_permission_id_seq; Type: SEQUENCE; Schema: public; Owner: postgres
--

ALTER TABLE public.auth_permission ALTER COLUMN id ADD GENERATED BY DEFAULT AS IDENTITY (
    SEQUENCE NAME public.auth_permission_id_seq
    START WITH 1
    INCREMENT BY 1
    NO MINVALUE
    NO MAXVALUE
    CACHE 1
);


--
-- Name: cart_cart; Type: TABLE; Schema: public; Owner: postgres
--

CREATE TABLE public.cart_cart (
    id bigint NOT NULL,
    quantity integer NOT NULL,
    days_needed integer NOT NULL,
    product_id bigint NOT NULL,
    user_id bigint NOT NULL,
    CONSTRAINT cart_cart_days_needed_check CHECK ((days_needed >= 0)),
    CONSTRAINT cart_cart_quantity_check CHECK ((quantity >= 0))
);


ALTER TABLE public.cart_cart OWNER TO postgres;

--
-- Name: cart_cart_id_seq; Type: SEQUENCE; Schema: public; Owner: postgres
--

ALTER TABLE public.cart_cart ALTER COLUMN id ADD GENERATED BY DEFAULT AS IDENTITY (
    SEQUENCE NAME public.cart_cart_id_seq
    START WITH 1
    INCREMENT BY 1
    NO MINVALUE
    NO MAXVALUE
    CACHE 1
);


--
-- Name: django_admin_log; Type: TABLE; Schema: public; Owner: postgres
--

CREATE TABLE public.django_admin_log (
    id integer NOT NULL,
    action_time timestamp with time zone NOT NULL,
    object_id text,
    object_repr character varying(200) NOT NULL,
    action_flag smallint NOT NULL,
    change_message text NOT NULL,
    content_type_id integer,
    user_id bigint NOT NULL,
    CONSTRAINT django_admin_log_action_flag_check CHECK ((action_flag >= 0))
);


ALTER TABLE public.django_admin_log OWNER TO postgres;

--
-- Name: django_admin_log_id_seq; Type: SEQUENCE; Schema: public; Owner: postgres
--

ALTER TABLE public.django_admin_log ALTER COLUMN id ADD GENERATED BY DEFAULT AS IDENTITY (
    SEQUENCE NAME public.django_admin_log_id_seq
    START WITH 1
    INCREMENT BY 1
    NO MINVALUE
    NO MAXVALUE
    CACHE 1
);


--
-- Name: django_content_type; Type: TABLE; Schema: public; Owner: postgres
--

CREATE TABLE public.django_content_type (
    id integer NOT NULL,
    app_label character varying(100) NOT NULL,
    model character varying(100) NOT NULL
);


ALTER TABLE public.django_content_type OWNER TO postgres;

--
-- Name: django_content_type_id_seq; Type: SEQUENCE; Schema: public; Owner: postgres
--

ALTER TABLE public.django_content_type ALTER COLUMN id ADD GENERATED BY DEFAULT AS IDENTITY (
    SEQUENCE NAME public.django_content_type_id_seq
    START WITH 1
    INCREMENT BY 1
    NO MINVALUE
    NO MAXVALUE
    CACHE 1
);


--
-- Name: django_migrations; Type: TABLE; Schema: public; Owner: postgres
--

CREATE TABLE public.django_migrations (
    id bigint NOT NULL,
    app character varying(255) NOT NULL,
    name character varying(255) NOT NULL,
    applied timestamp with time zone NOT NULL
);


ALTER TABLE public.django_migrations OWNER TO postgres;

--
-- Name: django_migrations_id_seq; Type: SEQUENCE; Schema: public; Owner: postgres
--

ALTER TABLE public.django_migrations ALTER COLUMN id ADD GENERATED BY DEFAULT AS IDENTITY (
    SEQUENCE NAME public.django_migrations_id_seq
    START WITH 1
    INCREMENT BY 1
    NO MINVALUE
    NO MAXVALUE
    CACHE 1
);


--
-- Name: django_session; Type: TABLE; Schema: public; Owner: postgres
--

CREATE TABLE public.django_session (
    session_key character varying(40) NOT NULL,
    session_data text NOT NULL,
    expire_date timestamp with time zone NOT NULL
);


ALTER TABLE public.django_session OWNER TO postgres;

--
-- Name: order_order; Type: TABLE; Schema: public; Owner: postgres
--

CREATE TABLE public.order_order (
    id bigint NOT NULL,
    date date NOT NULL,
    address_id bigint NOT NULL,
    user_id bigint NOT NULL,
    days_needed integer NOT NULL,
    product_id bigint NOT NULL,
    quantity integer NOT NULL,
    is_active boolean NOT NULL,
    total_price bigint NOT NULL,
    payment boolean NOT NULL,
    status character varying(20) NOT NULL,
    ret_date date NOT NULL,
    del_date date NOT NULL,
    total_charges bigint NOT NULL,
    platform_charges bigint NOT NULL,
    caution_deposit bigint NOT NULL,
    delivery_charge bigint NOT NULL,
    coupon_id bigint,
    offer_delivery_charge bigint NOT NULL,
    offer_total_charges bigint NOT NULL,
    offer_total_price bigint NOT NULL,
    offer_caution_deposit bigint NOT NULL,
    payment_provider boolean NOT NULL,
    cancelled_rental boolean NOT NULL,
    payment_choice character varying(20) NOT NULL,
    distance double precision NOT NULL,
    CONSTRAINT order_order_caution_deposit_check CHECK ((caution_deposit >= 0)),
    CONSTRAINT order_order_days_needed_check CHECK ((days_needed >= 0)),
    CONSTRAINT order_order_delivery_charge_check CHECK ((delivery_charge >= 0)),
    CONSTRAINT order_order_offer_caution_deposit_check CHECK ((offer_caution_deposit >= 0)),
    CONSTRAINT order_order_offer_delivery_charge_check CHECK ((offer_delivery_charge >= 0)),
    CONSTRAINT order_order_offer_total_charges_check CHECK ((offer_total_charges >= 0)),
    CONSTRAINT order_order_offer_total_price_check CHECK ((offer_total_price >= 0)),
    CONSTRAINT order_order_platform_charges_check CHECK ((platform_charges >= 0)),
    CONSTRAINT order_order_quantity_check CHECK ((quantity >= 0)),
    CONSTRAINT order_order_total_charges_check CHECK ((total_charges >= 0)),
    CONSTRAINT order_order_total_price_check CHECK ((total_price >= 0))
);


ALTER TABLE public.order_order OWNER TO postgres;

--
-- Name: order_order_id_seq; Type: SEQUENCE; Schema: public; Owner: postgres
--

ALTER TABLE public.order_order ALTER COLUMN id ADD GENERATED BY DEFAULT AS IDENTITY (
    SEQUENCE NAME public.order_order_id_seq
    START WITH 1
    INCREMENT BY 1
    NO MINVALUE
    NO MAXVALUE
    CACHE 1
);


--
-- Name: payments_user_wallet; Type: TABLE; Schema: public; Owner: postgres
--

CREATE TABLE public.payments_user_wallet (
    id bigint NOT NULL,
    balance_amount bigint NOT NULL,
    updated_at timestamp with time zone NOT NULL,
    user_id bigint NOT NULL,
    CONSTRAINT payments_user_wallet_balance_amount_check CHECK ((balance_amount >= 0))
);


ALTER TABLE public.payments_user_wallet OWNER TO postgres;

--
-- Name: payments_user_wallet_id_seq; Type: SEQUENCE; Schema: public; Owner: postgres
--

ALTER TABLE public.payments_user_wallet ALTER COLUMN id ADD GENERATED BY DEFAULT AS IDENTITY (
    SEQUENCE NAME public.payments_user_wallet_id_seq
    START WITH 1
    INCREMENT BY 1
    NO MINVALUE
    NO MAXVALUE
    CACHE 1
);


--
-- Name: paypal_ipn; Type: TABLE; Schema: public; Owner: postgres
--

CREATE TABLE public.paypal_ipn (
    id bigint NOT NULL,
    business character varying(127) NOT NULL,
    charset character varying(255) NOT NULL,
    custom character varying(256) NOT NULL,
    notify_version numeric(64,2),
    parent_txn_id character varying(19) NOT NULL,
    receiver_email character varying(254) NOT NULL,
    receiver_id character varying(255) NOT NULL,
    residence_country character varying(2) NOT NULL,
    test_ipn boolean NOT NULL,
    txn_id character varying(255) NOT NULL,
    txn_type character varying(255) NOT NULL,
    verify_sign character varying(255) NOT NULL,
    address_country character varying(64) NOT NULL,
    address_city character varying(40) NOT NULL,
    address_country_code character varying(64) NOT NULL,
    address_name character varying(128) NOT NULL,
    address_state character varying(40) NOT NULL,
    address_status character varying(255) NOT NULL,
    address_street character varying(200) NOT NULL,
    address_zip character varying(20) NOT NULL,
    contact_phone character varying(20) NOT NULL,
    first_name character varying(64) NOT NULL,
    last_name character varying(64) NOT NULL,
    payer_business_name character varying(127) NOT NULL,
    payer_email character varying(127) NOT NULL,
    payer_id character varying(13) NOT NULL,
    auth_amount numeric(64,2),
    auth_exp character varying(28) NOT NULL,
    auth_id character varying(19) NOT NULL,
    auth_status character varying(255) NOT NULL,
    exchange_rate numeric(64,16),
    invoice character varying(127) NOT NULL,
    item_name character varying(127) NOT NULL,
    item_number character varying(127) NOT NULL,
    mc_currency character varying(32) NOT NULL,
    mc_fee numeric(64,2),
    mc_gross numeric(64,2),
    mc_handling numeric(64,2),
    mc_shipping numeric(64,2),
    memo character varying(255) NOT NULL,
    num_cart_items integer,
    option_name1 character varying(64) NOT NULL,
    option_name2 character varying(64) NOT NULL,
    payer_status character varying(255) NOT NULL,
    payment_date timestamp with time zone,
    payment_gross numeric(64,2),
    payment_status character varying(255) NOT NULL,
    payment_type character varying(255) NOT NULL,
    pending_reason character varying(255) NOT NULL,
    protection_eligibility character varying(255) NOT NULL,
    quantity integer,
    reason_code character varying(255) NOT NULL,
    remaining_settle numeric(64,2),
    settle_amount numeric(64,2),
    settle_currency character varying(32) NOT NULL,
    shipping numeric(64,2),
    shipping_method character varying(255) NOT NULL,
    tax numeric(64,2),
    transaction_entity character varying(255) NOT NULL,
    auction_buyer_id character varying(64) NOT NULL,
    auction_closing_date timestamp with time zone,
    auction_multi_item integer,
    for_auction numeric(64,2),
    amount numeric(64,2),
    amount_per_cycle numeric(64,2),
    initial_payment_amount numeric(64,2),
    next_payment_date timestamp with time zone,
    outstanding_balance numeric(64,2),
    payment_cycle character varying(255) NOT NULL,
    period_type character varying(255) NOT NULL,
    product_name character varying(255) NOT NULL,
    product_type character varying(255) NOT NULL,
    profile_status character varying(255) NOT NULL,
    recurring_payment_id character varying(255) NOT NULL,
    rp_invoice_id character varying(127) NOT NULL,
    time_created timestamp with time zone,
    amount1 numeric(64,2),
    amount2 numeric(64,2),
    amount3 numeric(64,2),
    mc_amount1 numeric(64,2),
    mc_amount2 numeric(64,2),
    mc_amount3 numeric(64,2),
    password character varying(24) NOT NULL,
    period1 character varying(255) NOT NULL,
    period2 character varying(255) NOT NULL,
    period3 character varying(255) NOT NULL,
    reattempt character varying(1) NOT NULL,
    recur_times integer,
    recurring character varying(1) NOT NULL,
    retry_at timestamp with time zone,
    subscr_date timestamp with time zone,
    subscr_effective timestamp with time zone,
    subscr_id character varying(19) NOT NULL,
    username character varying(64) NOT NULL,
    case_creation_date timestamp with time zone,
    case_id character varying(255) NOT NULL,
    case_type character varying(255) NOT NULL,
    receipt_id character varying(255) NOT NULL,
    currency_code character varying(32) NOT NULL,
    handling_amount numeric(64,2),
    transaction_subject character varying(256) NOT NULL,
    ipaddress inet,
    flag boolean NOT NULL,
    flag_code character varying(16) NOT NULL,
    flag_info text NOT NULL,
    query text NOT NULL,
    response text NOT NULL,
    created_at timestamp with time zone NOT NULL,
    updated_at timestamp with time zone NOT NULL,
    from_view character varying(6),
    mp_id character varying(128),
    option_selection1 character varying(200) NOT NULL,
    option_selection2 character varying(200) NOT NULL
);


ALTER TABLE public.paypal_ipn OWNER TO postgres;

--
-- Name: paypal_ipn_id_seq; Type: SEQUENCE; Schema: public; Owner: postgres
--

ALTER TABLE public.paypal_ipn ALTER COLUMN id ADD GENERATED BY DEFAULT AS IDENTITY (
    SEQUENCE NAME public.paypal_ipn_id_seq
    START WITH 1
    INCREMENT BY 1
    NO MINVALUE
    NO MAXVALUE
    CACHE 1
);


--
-- Name: provider_provider_credentials; Type: TABLE; Schema: public; Owner: postgres
--

CREATE TABLE public.provider_provider_credentials (
    id bigint NOT NULL,
    pan_card character varying(35) NOT NULL,
    pan_photo character varying(100),
    paypal_id character varying(254) NOT NULL,
    provider_id bigint NOT NULL
);


ALTER TABLE public.provider_provider_credentials OWNER TO postgres;

--
-- Name: provider_provider_details_id_seq; Type: SEQUENCE; Schema: public; Owner: postgres
--

ALTER TABLE public.provider_provider_credentials ALTER COLUMN id ADD GENERATED BY DEFAULT AS IDENTITY (
    SEQUENCE NAME public.provider_provider_details_id_seq
    START WITH 1
    INCREMENT BY 1
    NO MINVALUE
    NO MAXVALUE
    CACHE 1
);


--
-- Name: user_customuser; Type: TABLE; Schema: public; Owner: postgres
--

CREATE TABLE public.user_customuser (
    id bigint NOT NULL,
    password character varying(128) NOT NULL,
    last_login timestamp with time zone,
    is_superuser boolean NOT NULL,
    email character varying(254) NOT NULL,
    first_name character varying(30) NOT NULL,
    last_name character varying(30),
    phone_number character varying(15),
    is_active boolean NOT NULL,
    date_joined timestamp with time zone NOT NULL,
    is_staff boolean NOT NULL,
    is_super boolean NOT NULL,
    referral_code character varying(10),
    referrer_id bigint
);


ALTER TABLE public.user_customuser OWNER TO postgres;

--
-- Name: user_customuser_groups; Type: TABLE; Schema: public; Owner: postgres
--

CREATE TABLE public.user_customuser_groups (
    id bigint NOT NULL,
    customuser_id bigint NOT NULL,
    group_id integer NOT NULL
);


ALTER TABLE public.user_customuser_groups OWNER TO postgres;

--
-- Name: user_customuser_groups_id_seq; Type: SEQUENCE; Schema: public; Owner: postgres
--

ALTER TABLE public.user_customuser_groups ALTER COLUMN id ADD GENERATED BY DEFAULT AS IDENTITY (
    SEQUENCE NAME public.user_customuser_groups_id_seq
    START WITH 1
    INCREMENT BY 1
    NO MINVALUE
    NO MAXVALUE
    CACHE 1
);


--
-- Name: user_customuser_id_seq; Type: SEQUENCE; Schema: public; Owner: postgres
--

ALTER TABLE public.user_customuser ALTER COLUMN id ADD GENERATED BY DEFAULT AS IDENTITY (
    SEQUENCE NAME public.user_customuser_id_seq
    START WITH 1
    INCREMENT BY 1
    NO MINVALUE
    NO MAXVALUE
    CACHE 1
);


--
-- Name: user_customuser_user_permissions; Type: TABLE; Schema: public; Owner: postgres
--

CREATE TABLE public.user_customuser_user_permissions (
    id bigint NOT NULL,
    customuser_id bigint NOT NULL,
    permission_id integer NOT NULL
);


ALTER TABLE public.user_customuser_user_permissions OWNER TO postgres;

--
-- Name: user_customuser_user_permissions_id_seq; Type: SEQUENCE; Schema: public; Owner: postgres
--

ALTER TABLE public.user_customuser_user_permissions ALTER COLUMN id ADD GENERATED BY DEFAULT AS IDENTITY (
    SEQUENCE NAME public.user_customuser_user_permissions_id_seq
    START WITH 1
    INCREMENT BY 1
    NO MINVALUE
    NO MAXVALUE
    CACHE 1
);


--
-- Name: user_useraddress; Type: TABLE; Schema: public; Owner: postgres
--

CREATE TABLE public.user_useraddress (
    id bigint NOT NULL,
    firstname character varying(30) NOT NULL,
    lastname character varying(30) NOT NULL,
    address character varying(50) NOT NULL,
    street character varying(50) NOT NULL,
    phone character varying(20) NOT NULL,
    city character varying(20) NOT NULL,
    state character varying(50) NOT NULL,
    pincode character varying(10) NOT NULL,
    user_id bigint NOT NULL,
    "addressType" character varying(10) NOT NULL
);


ALTER TABLE public.user_useraddress OWNER TO postgres;

--
-- Name: user_useraddress_id_seq; Type: SEQUENCE; Schema: public; Owner: postgres
--

ALTER TABLE public.user_useraddress ALTER COLUMN id ADD GENERATED BY DEFAULT AS IDENTITY (
    SEQUENCE NAME public.user_useraddress_id_seq
    START WITH 1
    INCREMENT BY 1
    NO MINVALUE
    NO MAXVALUE
    CACHE 1
);


--
-- Data for Name: adminPanel_categories; Type: TABLE DATA; Schema: public; Owner: postgres
--

COPY public."adminPanel_categories" (id, "Name", description, is_active) FROM stdin;
3	Books	Novel, Literatures,etc	t
10	Camera	Sony 	t
13	Laptop	Laptopss	t
14	Fitness	sports and fitness	t
\.


--
-- Data for Name: adminPanel_categoryoffer; Type: TABLE DATA; Schema: public; Owner: postgres
--

COPY public."adminPanel_categoryoffer" (id, discount_percentage, start_date, end_date, category_id, is_active) FROM stdin;
9	50.00	2024-01-25	2024-01-31	10	t
10	45.00	2024-01-26	2024-02-10	14	t
\.


--
-- Data for Name: adminPanel_coupons; Type: TABLE DATA; Schema: public; Owner: postgres
--

COPY public."adminPanel_coupons" (id, name, created, is_active, num, coupon_type, discount) FROM stdin;
6	FREEDELIVERY	2024-01-08 01:19:32.524+05:30	f	1	delivery	12
7	FREECAT	2024-01-08 23:25:13.285+05:30	f	-20	delivery	100
8	DELI	2024-01-09 10:57:18.102+05:30	f	-21	delivery	50
9	FREE10	2024-01-16 10:10:57.647+05:30	t	98	Total	10
\.


--
-- Data for Name: adminPanel_multipleimage; Type: TABLE DATA; Schema: public; Owner: postgres
--

COPY public."adminPanel_multipleimage" (id, image, product_id) FROM stdin;
19	uploads/product_images/gopro11side2_D5gb35m.webp	39
20	uploads/product_images/gopro11side_vvKXlB9.webp	39
21	uploads/product_images/canonside_ANXXn5N.webp	40
22	uploads/product_images/canonfront_oDez5zF.webp	40
23	uploads/product_images/canontop_iEwTzX2.webp	40
24	uploads/product_images/hp2.webp	41
25	uploads/product_images/hp1_OShRrce.webp	41
26	uploads/product_images/hp_laptop.webp	41
27	uploads/product_images/apple-iphone-12-dummyapplefsn-original-imafwg8dpyjvgg3j3.jpeg	42
28	uploads/product_images/apple-iphone-12-dummyapplefsn-original-imafwg8dpyjvgg3j.jpeg	42
29	uploads/product_images/apple-iphone-12-dummyapplefsn-original-imafwg8dtbx7uhm6.jpeg	42
30	uploads/product_images/apple-iphone-12-dummyapplefsn-original-imafwg8dubf3nytw.jpeg	42
31	uploads/product_images/apple-iphone-12-dummyapplefsn-original-imafwg8duby8qbn4.jpeg	42
32	uploads/product_images/apple-iphone-12-dummyapplefsn-original-imafwg8dzswzs2sq.jpeg	42
33	uploads/product_images/hp_i3_9LaTHL4.webp	43
34	uploads/product_images/asuslaptop_TmShbvF.webp	43
38	uploads/product_images/41EiSL9ZmL._SY300_SX300_.jpg	44
39	uploads/product_images/71Gt6NG29L._SX569__quW90BA.jpg	44
40	uploads/product_images/41EiSL9ZmL._SY300_SX300__aaCspo5.jpg	45
41	uploads/product_images/71Gt6NG29L._SX569__QYoDigF.jpg	45
42	uploads/product_images/41EiSL9ZmL._SY300_SX300__mWTGnvv.jpg	46
43	uploads/product_images/71Gt6NG29L._SX569__0zGhDJ0.jpg	46
\.


--
-- Data for Name: adminPanel_product; Type: TABLE DATA; Schema: public; Owner: postgres
--

COPY public."adminPanel_product" (id, title, description, price, created_at, updated_at, category_id, user_id, image, quantity, is_active, "pincodePro", security, address, availability, city, phone, state, street, rentable, discounted_price) FROM stdin;
11	Wings of fire	biography	5	2023-12-20 15:42:13.278+05:30	2024-01-01 14:59:30.162+05:30	3	4	uploads/product_images/wingsoffire_6xM77Iu.jpg	0	t	678001	1		t		\N			t	1
34	Atomic Habits	Motivational books	7	2023-12-27 09:20:54.442+05:30	2024-01-01 09:27:03.037+05:30	3	4	uploads/product_images/atomichabits_VZRblrw.jpg	4	t	678001	1		t		\N			t	1
37	God of small things	Award-winning book\r\nNeat and clean book	10	2024-01-01 13:30:15.427+05:30	2024-01-20 09:35:12.52+05:30	3	4	uploads/product_images/god_of_small_pBCcTj8.jpeg	0	t	673001	1		t		\N			t	1
39	Gopro	""gopro action camera \r\nMulti user""	200	2024-01-16 13:57:32.56+05:30	2024-01-25 16:43:58.62+05:30	10	4	uploads/product_images/gopro11side_gVKEoQv.webp	2	f	673001	1000		t		\N			t	100
40	sony	sony alpha\r\nclean and neat	200	2024-01-17 10:52:22.588+05:30	2024-01-25 11:44:57.278+05:30	10	5	uploads/product_images/canonfront_l33t0ar.webp	0	f	673001	1000		t		\N			t	100
41	Hp laptop	Laptop \r\n512 GB\r\n8gb ram\r\nSSD	111	2024-01-20 11:15:41.862+05:30	2024-01-25 17:51:04.848+05:30	13	4	uploads/product_images/hp1.webp	52	t	673001	555	jyo	t	fs	237437342782	kerala	thir	t	55
42	iphone 12 mini	iphone 12 mini \r\n256 gb \r\nbattery health 89%	200	2024-01-23 10:18:14.715+05:30	2024-01-26 19:27:26.482+05:30	13	22	uploads/product_images/21.jpg	1	t	673002	1000	hfodjfsdhf	t	jhsdjlfhljksdh	4983749873892	jdflksdlkfj	fjsjdhfjksdhjkfvh	t	100
43	hp lap	laptop 256gb\r\nssd\r\n	299	2024-01-25 03:58:55.308+05:30	2024-01-25 03:59:43.251+05:30	13	17	uploads/product_images/asuslaptop_nmRuy2P.webp	12	t	673001	1495	sdfd	t	fdsfs	121212121212120	sdffdf	dsf	t	299
44	Dumbells	Gym equipments\r\ndumbells for everyday workout	19	2024-01-25 09:42:33.384+05:30	2024-01-26 19:26:09.755+05:30	14	17	uploads/product_images/71Gt6NG29L._SX569_.jpg	12	t	673001	190	hsdflfh o	t	fdnjhsdjl	347589749857	jsflkjslk	flkdkhflk	t	10
45	dumbellllls	dumbells\r\ngym \r\n	500	2024-01-25 09:47:22.419+05:30	2024-01-26 19:26:09.764+05:30	14	17	uploads/product_images/71Gt6NG29L._SX569__IBZoAWA.jpg	0	t	673001	2500	jfdlkjl	t	lksdjflksj	7328027348	jsflkj	sljlskdj	f	275
46	dub	ldkfjlkdjf1	888	2024-01-25 09:56:28.932+05:30	2024-01-26 19:26:09.774+05:30	14	17	uploads/product_images/41EiSL9ZmL._SY300_SX300__1QJQdQe.jpg	12	f	673001	4440	dfnhhlkh	t	lkdjfl	249387498323	kdfjl	klfhldhf	t	488
47	Sony S3	Some random description	100	2024-01-25 11:50:28.231+05:30	2024-01-25 13:52:42.587+05:30	10	3	uploads/product_images/9d5696196cfb3f4440ca99b1018c8ff91a53716d1948ba73ee3bb68f36571d7a.jpg	5	t	673001	55	Washington, DC	t	Geneva	9090909090	Geneva	Geneva	t	50
\.


--
-- Data for Name: adminPanel_productoffer; Type: TABLE DATA; Schema: public; Owner: postgres
--

COPY public."adminPanel_productoffer" (id, discount_percentage, start_date, end_date, product_id, is_active) FROM stdin;
15	50.00	2024-01-25	2024-01-28	41	t
16	50.00	2024-01-26	2024-01-28	42	t
\.


--
-- Data for Name: auth_group; Type: TABLE DATA; Schema: public; Owner: postgres
--

COPY public.auth_group (id, name) FROM stdin;
\.


--
-- Data for Name: auth_group_permissions; Type: TABLE DATA; Schema: public; Owner: postgres
--

COPY public.auth_group_permissions (id, group_id, permission_id) FROM stdin;
\.


--
-- Data for Name: auth_permission; Type: TABLE DATA; Schema: public; Owner: postgres
--

COPY public.auth_permission (id, name, content_type_id, codename) FROM stdin;
1	Can add log entry	1	add_logentry
2	Can change log entry	1	change_logentry
3	Can delete log entry	1	delete_logentry
4	Can view log entry	1	view_logentry
5	Can add permission	2	add_permission
6	Can change permission	2	change_permission
7	Can delete permission	2	delete_permission
8	Can view permission	2	view_permission
9	Can add group	3	add_group
10	Can change group	3	change_group
11	Can delete group	3	delete_group
12	Can view group	3	view_group
13	Can add user	4	add_user
14	Can change user	4	change_user
15	Can delete user	4	delete_user
16	Can view user	4	view_user
17	Can add content type	5	add_contenttype
18	Can change content type	5	change_contenttype
19	Can delete content type	5	delete_contenttype
20	Can view content type	5	view_contenttype
21	Can add session	6	add_session
22	Can change session	6	change_session
23	Can delete session	6	delete_session
24	Can view session	6	view_session
25	Can add User	7	add_customuser
26	Can change User	7	change_customuser
27	Can delete User	7	delete_customuser
28	Can view User	7	view_customuser
29	Can add categories	8	add_categories
30	Can change categories	8	change_categories
31	Can delete categories	8	delete_categories
32	Can view categories	8	view_categories
33	Can add product	9	add_product
34	Can change product	9	change_product
35	Can delete product	9	delete_product
36	Can view product	9	view_product
37	Can add multiple image	10	add_multipleimage
38	Can change multiple image	10	change_multipleimage
39	Can delete multiple image	10	delete_multipleimage
40	Can view multiple image	10	view_multipleimage
41	Can add cart	11	add_cart
42	Can change cart	11	change_cart
43	Can delete cart	11	delete_cart
44	Can view cart	11	view_cart
45	Can add user address	12	add_useraddress
46	Can change user address	12	change_useraddress
47	Can delete user address	12	delete_useraddress
48	Can view user address	12	view_useraddress
49	Can add order	13	add_order
50	Can change order	13	change_order
51	Can delete order	13	delete_order
52	Can view order	13	view_order
53	Can add PayPal IPN	14	add_paypalipn
54	Can change PayPal IPN	14	change_paypalipn
55	Can delete PayPal IPN	14	delete_paypalipn
56	Can view PayPal IPN	14	view_paypalipn
57	Can add shipping	15	add_shipping
58	Can change shipping	15	change_shipping
59	Can delete shipping	15	delete_shipping
60	Can view shipping	15	view_shipping
61	Can add coupons	16	add_coupons
62	Can change coupons	16	change_coupons
63	Can delete coupons	16	delete_coupons
64	Can view coupons	16	view_coupons
65	Can add user_wallet	17	add_user_wallet
66	Can change user_wallet	17	change_user_wallet
67	Can delete user_wallet	17	delete_user_wallet
68	Can view user_wallet	17	view_user_wallet
69	Can add provider_details	18	add_provider_details
70	Can change provider_details	18	change_provider_details
71	Can delete provider_details	18	delete_provider_details
72	Can view provider_details	18	view_provider_details
73	Can add provider_credentials	18	add_provider_credentials
74	Can change provider_credentials	18	change_provider_credentials
75	Can delete provider_credentials	18	delete_provider_credentials
76	Can view provider_credentials	18	view_provider_credentials
77	Can add offers	19	add_offers
78	Can change offers	19	change_offers
79	Can delete offers	19	delete_offers
80	Can view offers	19	view_offers
81	Can add product offer	20	add_productoffer
82	Can change product offer	20	change_productoffer
83	Can delete product offer	20	delete_productoffer
84	Can view product offer	20	view_productoffer
85	Can add category offer	21	add_categoryoffer
86	Can change category offer	21	change_categoryoffer
87	Can delete category offer	21	delete_categoryoffer
88	Can view category offer	21	view_categoryoffer
\.


--
-- Data for Name: cart_cart; Type: TABLE DATA; Schema: public; Owner: postgres
--

COPY public.cart_cart (id, quantity, days_needed, product_id, user_id) FROM stdin;
157	1	3	11	14
183	1	3	42	4
184	11	3	41	22
188	1	3	41	24
207	1	3	41	32
208	1	3	11	32
213	1	5	42	20
223	1	3	44	33
224	1	3	44	34
226	1	3	37	22
228	1	3	41	17
230	1	3	34	23
\.


--
-- Data for Name: django_admin_log; Type: TABLE DATA; Schema: public; Owner: postgres
--

COPY public.django_admin_log (id, action_time, object_id, object_repr, action_flag, change_message, content_type_id, user_id) FROM stdin;
1	2023-12-18 02:24:40.461+05:30	1	Categories object (1)	1	[{"added": {}}]	8	1
2	2023-12-18 02:25:15.723+05:30	1	War and Peace	1	[{"added": {}}]	9	1
3	2023-12-18 09:58:17.922+05:30	2	God of small things	1	[{"added": {}}]	9	1
4	2023-12-18 10:27:44.599+05:30	3	Wings of Fire	1	[{"added": {}}]	9	1
5	2023-12-18 10:30:01.381+05:30	2	Laptop	1	[{"added": {}}]	8	1
6	2023-12-18 10:30:57.564+05:30	4	Asus i5 laptop	1	[{"added": {}}]	9	1
7	2023-12-18 15:46:39.418+05:30	5	hp laptop	1	[{"added": {}}]	9	1
8	2023-12-18 23:01:21.956+05:30	3	Wings of Fire	2	[{"changed": {"fields": ["Image"]}}]	9	1
9	2023-12-18 23:01:34.825+05:30	2	God of small things	2	[{"changed": {"fields": ["Image"]}}]	9	1
10	2023-12-18 23:01:46.97+05:30	1	War and Peace	2	[{"changed": {"fields": ["Image"]}}]	9	1
11	2023-12-18 23:24:45.916+05:30	4	Asus i5 laptop	2	[{"changed": {"fields": ["Image"]}}]	9	1
12	2023-12-20 08:59:06.047+05:30	2	gnairju@gmail.com	3		7	1
13	2023-12-20 09:48:36.295+05:30	6	War and Peace	1	[{"added": {}}]	9	1
14	2023-12-20 14:59:24.773+05:30	8	God of small things	2	[{"changed": {"fields": ["User"]}}]	9	1
15	2023-12-20 15:09:05.845+05:30	8	God of small things	3		9	1
16	2023-12-20 15:21:16.073+05:30	7	Wings of Fire	3		9	1
17	2023-12-20 15:21:42.488+05:30	9	God of small things	3		9	1
18	2023-12-20 15:21:42.54+05:30	6	War and Peace	3		9	1
19	2023-12-20 15:21:42.554+05:30	5	hp laptop	3		9	1
20	2023-12-20 15:21:42.56+05:30	4	Asus i5 laptop	3		9	1
21	2023-12-21 12:26:34.587+05:30	9	anilkumarmeghna20@gmail.com	3		7	1
22	2023-12-21 17:50:15.003+05:30	3	prajunvelandi@gmail.com	2	[{"changed": {"fields": ["Is active"]}}]	7	1
23	2023-12-22 10:47:54.35+05:30	1	Hp laptop	1	[{"added": {}}]	10	1
24	2023-12-22 13:01:23.411+05:30	10	anilkumarmeghna20@gmail.com	3		7	1
25	2023-12-22 14:08:21.597+05:30	8	meghnaanil98@gmail.com	3		7	1
26	2023-12-23 01:42:14.328+05:30	22	Atomic Habits	3		9	1
27	2023-12-26 09:07:56.532+05:30	31	cart object (31)	2	[]	11	1
28	2023-12-26 09:47:30.703+05:30	45	cart object (45)	3		11	1
29	2023-12-26 09:47:30.987+05:30	44	cart object (44)	3		11	1
30	2023-12-26 09:47:31.488+05:30	43	cart object (43)	3		11	1
31	2023-12-26 09:47:31.684+05:30	42	cart object (42)	3		11	1
32	2023-12-26 09:47:31.827+05:30	41	cart object (41)	3		11	1
33	2023-12-26 09:47:32.07+05:30	40	cart object (40)	3		11	1
34	2023-12-26 09:47:32.393+05:30	39	cart object (39)	3		11	1
35	2023-12-26 09:47:32.671+05:30	38	cart object (38)	3		11	1
36	2023-12-26 09:47:33.014+05:30	37	cart object (37)	3		11	1
37	2023-12-26 09:47:33.236+05:30	36	cart object (36)	3		11	1
38	2023-12-26 09:47:33.577+05:30	35	cart object (35)	3		11	1
39	2023-12-26 09:47:33.771+05:30	34	cart object (34)	3		11	1
40	2023-12-26 09:47:33.886+05:30	33	cart object (33)	3		11	1
41	2023-12-26 09:47:34.002+05:30	32	cart object (32)	3		11	1
42	2023-12-26 09:47:34.262+05:30	31	cart object (31)	3		11	1
43	2023-12-27 10:13:06.594+05:30	51	cart object (51)	2	[]	11	1
44	2023-12-28 00:37:21.19+05:30	1	userAddress object (1)	1	[{"added": {}}]	12	1
45	2023-12-29 16:36:52.525+05:30	12	userAddress object (12)	3		12	1
46	2023-12-29 17:04:07.755+05:30	3	order object (3)	3		13	1
47	2023-12-29 17:04:07.755+05:30	2	order object (2)	3		13	1
48	2023-12-29 17:04:07.769+05:30	1	order object (1)	3		13	1
49	2023-12-29 22:44:46.295+05:30	67	cart object (67)	3		11	1
50	2023-12-29 22:44:46.295+05:30	64	cart object (64)	3		11	1
51	2023-12-29 22:44:46.312+05:30	63	cart object (63)	3		11	1
52	2023-12-29 22:44:46.312+05:30	59	cart object (59)	3		11	1
53	2023-12-29 22:44:46.329+05:30	58	cart object (58)	3		11	1
54	2023-12-29 23:24:49.131+05:30	13	order object (13)	3		13	1
55	2023-12-29 23:24:49.14+05:30	12	order object (12)	3		13	1
56	2023-12-30 10:18:43.345+05:30	16	order object (16)	3		13	1
57	2023-12-30 10:18:43.351+05:30	15	order object (15)	3		13	1
58	2023-12-30 10:18:43.357+05:30	14	order object (14)	3		13	1
59	2023-12-30 15:19:10.467+05:30	18	order object (18)	3		13	1
60	2023-12-30 15:19:10.475+05:30	17	order object (17)	3		13	1
61	2024-01-01 00:58:55.79+05:30	34	Atomic Habits	2	[{"changed": {"fields": ["Quantity"]}}]	9	1
62	2024-01-01 01:03:09.7+05:30	34	Atomic Habits	2	[{"changed": {"fields": ["Is active"]}}]	9	1
63	2024-01-01 01:08:41.414+05:30	31	order object (31)	3		13	1
64	2024-01-01 01:08:41.424+05:30	30	order object (30)	3		13	1
65	2024-01-01 01:08:41.431+05:30	29	order object (29)	3		13	1
66	2024-01-01 01:08:41.438+05:30	28	order object (28)	3		13	1
67	2024-01-01 01:08:41.445+05:30	27	order object (27)	3		13	1
68	2024-01-01 01:08:41.451+05:30	26	order object (26)	3		13	1
69	2024-01-01 01:09:11.857+05:30	34	Atomic Habits	2	[]	9	1
70	2024-01-01 09:21:22.632+05:30	34	Atomic Habits	2	[]	9	1
71	2024-01-01 09:21:36.333+05:30	11	Wings of fire	2	[{"changed": {"fields": ["PincodePro"]}}]	9	1
72	2024-01-01 09:25:05.95+05:30	34	Atomic Habits	2	[]	9	1
73	2024-01-01 09:25:10.5+05:30	11	Wings of fire	2	[]	9	1
74	2024-01-01 10:08:04.91+05:30	11	Wings of fire	2	[{"changed": {"fields": ["Quantity"]}}]	9	1
75	2024-01-01 10:37:35.777+05:30	32	order object (32)	3		13	1
76	2024-01-06 00:00:48.738+05:30	41	order object (41)	2	[{"changed": {"fields": ["Is active", "Payment"]}}]	13	1
77	2024-01-06 00:22:03.637+05:30	41	order object (41)	2	[]	13	1
78	2024-01-06 15:46:04.778+05:30	39	order object (39)	2	[{"changed": {"fields": ["Payment"]}}]	13	1
79	2024-01-06 15:47:25.274+05:30	39	order object (39)	2	[{"changed": {"fields": ["Status"]}}]	13	1
80	2024-01-06 18:59:10.29+05:30	1	coupons object (1)	2	[{"changed": {"fields": ["Is active"]}}]	16	1
81	2024-01-07 22:18:08.059+05:30	42	order object (42)	1	[{"added": {}}]	13	1
82	2024-01-08 01:18:50.166+05:30	5	coupons object (5)	3		16	1
83	2024-01-08 01:18:50.166+05:30	4	coupons object (4)	3		16	1
84	2024-01-08 01:18:50.184+05:30	3	coupons object (3)	3		16	1
85	2024-01-08 01:18:50.184+05:30	2	coupons object (2)	3		16	1
86	2024-01-08 01:18:50.184+05:30	1	coupons object (1)	3		16	1
87	2024-01-09 10:57:18.105+05:30	8	coupons object (8)	1	[{"added": {}}]	16	1
88	2024-01-09 13:20:27.218+05:30	36	Canon	2	[{"changed": {"fields": ["Quantity"]}}]	9	1
89	2024-01-12 15:53:44.562+05:30	53	order object (53)	2	[{"changed": {"fields": ["Payment", "Payment provider", "Status"]}}]	13	1
90	2024-01-12 21:59:20.369+05:30	1	user_wallet object (1)	1	[{"added": {}}]	17	1
91	2024-01-12 23:23:26.242+05:30	50	order object (50)	2	[]	13	1
92	2024-01-13 02:06:01.279+05:30	54	order object (54)	2	[{"changed": {"fields": ["Payment", "Status"]}}]	13	1
93	2024-01-14 22:59:27.848+05:30	2	provider_credentials object (2)	3		18	1
94	2024-01-14 22:59:33.584+05:30	1	provider_credentials object (1)	3		18	1
95	2024-01-15 10:24:41.066+05:30	55	order object (55)	2	[{"changed": {"fields": ["Payment", "Payment provider", "Status", "Payment choice"]}}]	13	1
96	2024-01-15 10:24:46.883+05:30	54	order object (54)	2	[]	13	1
97	2024-01-17 11:56:10.498+05:30	12	conviesta@gmail.com	3		7	1
98	2024-01-20 10:17:43.867+05:30	39	Gopro	2	[{"changed": {"fields": ["Description", "Is active"]}}]	9	1
99	2024-01-20 11:19:45.493+05:30	41	Hp laptop	2	[]	9	1
100	2024-01-22 11:34:35.73+05:30	19	nobody@gmail.com	3		7	1
101	2024-01-22 11:34:35.737+05:30	18	hi@gmail.com	3		7	1
102	2024-01-22 19:48:32.437+05:30	14	user_wallet object (14)	1	[{"added": {}}]	17	1
103	2024-01-23 10:29:04.386+05:30	42	iphone 12 mini	2	[{"changed": {"fields": ["Quantity", "Rentable"]}}]	9	1
104	2024-01-23 10:51:52.809+05:30	94	order object (94)	2	[{"changed": {"fields": ["Coupon", "Payment choice"]}}]	13	1
105	2024-01-25 09:27:20.142+05:30	44	asus laptop	3		9	1
106	2024-01-25 11:45:47.119+05:30	8	CategoryOffer object (8)	3		21	1
107	2024-01-25 11:45:47.125+05:30	7	CategoryOffer object (7)	3		21	1
108	2024-01-25 11:45:47.125+05:30	6	CategoryOffer object (6)	3		21	1
109	2024-01-25 11:45:47.125+05:30	5	CategoryOffer object (5)	3		21	1
110	2024-01-25 11:45:47.142+05:30	4	CategoryOffer object (4)	3		21	1
111	2024-01-25 11:45:47.142+05:30	3	CategoryOffer object (3)	3		21	1
112	2024-01-25 11:45:47.142+05:30	2	CategoryOffer object (2)	3		21	1
113	2024-01-25 11:45:47.158+05:30	1	CategoryOffer object (1)	3		21	1
114	2024-01-25 11:50:31.414+05:30	47	Sony S3	1	[{"added": {}}]	9	1
115	2024-01-25 11:53:43.46+05:30	47	Sony S3	2	[{"changed": {"fields": ["Image"]}}]	9	1
116	2024-01-25 11:54:47.144+05:30	9	CategoryOffer object (9)	1	[{"added": {}}]	21	1
117	2024-01-25 12:09:26.117+05:30	3	ProductOffer object (3)	3		20	1
118	2024-01-25 12:09:26.117+05:30	2	ProductOffer object (2)	3		20	1
119	2024-01-25 12:09:26.134+05:30	1	ProductOffer object (1)	3		20	1
120	2024-01-25 14:01:36.726+05:30	6	ProductOffer object (6)	3		20	1
121	2024-01-25 14:01:36.734+05:30	5	ProductOffer object (5)	3		20	1
122	2024-01-25 14:01:36.738+05:30	4	ProductOffer object (4)	3		20	1
123	2024-01-25 14:42:05.169+05:30	14	ProductOffer object (14)	3		20	1
124	2024-01-25 14:42:05.179+05:30	13	ProductOffer object (13)	3		20	1
125	2024-01-25 14:42:05.179+05:30	12	ProductOffer object (12)	3		20	1
126	2024-01-25 14:42:05.187+05:30	11	ProductOffer object (11)	3		20	1
127	2024-01-25 14:42:05.198+05:30	10	ProductOffer object (10)	3		20	1
128	2024-01-25 14:42:05.198+05:30	9	ProductOffer object (9)	3		20	1
129	2024-01-25 14:42:05.198+05:30	8	ProductOffer object (8)	3		20	1
130	2024-01-25 14:42:05.213+05:30	7	ProductOffer object (7)	3		20	1
\.


--
-- Data for Name: django_content_type; Type: TABLE DATA; Schema: public; Owner: postgres
--

COPY public.django_content_type (id, app_label, model) FROM stdin;
1	admin	logentry
2	auth	permission
3	auth	group
4	auth	user
5	contenttypes	contenttype
6	sessions	session
7	user	customuser
8	adminPanel	categories
9	adminPanel	product
10	adminPanel	multipleimage
11	cart	cart
12	user	useraddress
13	order	order
14	ipn	paypalipn
15	order	shipping
16	adminPanel	coupons
17	payments	user_wallet
18	provider	provider_credentials
19	adminPanel	offers
20	adminPanel	productoffer
21	adminPanel	categoryoffer
\.


--
-- Data for Name: django_migrations; Type: TABLE DATA; Schema: public; Owner: postgres
--

COPY public.django_migrations (id, app, name, applied) FROM stdin;
1	contenttypes	0001_initial	2024-01-30 09:26:34.7899+05:30
2	contenttypes	0002_remove_content_type_name	2024-01-30 09:26:34.805856+05:30
3	auth	0001_initial	2024-01-30 09:26:34.888084+05:30
4	auth	0002_alter_permission_name_max_length	2024-01-30 09:26:34.896065+05:30
5	auth	0003_alter_user_email_max_length	2024-01-30 09:26:34.903662+05:30
6	auth	0004_alter_user_username_opts	2024-01-30 09:26:34.91264+05:30
7	auth	0005_alter_user_last_login_null	2024-01-30 09:26:34.923608+05:30
8	auth	0006_require_contenttypes_0002	2024-01-30 09:26:34.926601+05:30
9	auth	0007_alter_validators_add_error_messages	2024-01-30 09:26:34.935577+05:30
10	auth	0008_alter_user_username_max_length	2024-01-30 09:26:34.945551+05:30
11	auth	0009_alter_user_last_name_max_length	2024-01-30 09:26:34.959512+05:30
12	auth	0010_alter_group_name_max_length	2024-01-30 09:26:34.975517+05:30
13	auth	0011_update_proxy_permissions	2024-01-30 09:26:34.98549+05:30
14	auth	0012_alter_user_first_name_max_length	2024-01-30 09:26:34.995109+05:30
15	user	0001_initial	2024-01-30 09:26:35.074932+05:30
16	admin	0001_initial	2024-01-30 09:26:35.115755+05:30
17	admin	0002_logentry_remove_auto_add	2024-01-30 09:26:35.129718+05:30
18	admin	0003_logentry_add_action_flag_choices	2024-01-30 09:26:35.142687+05:30
19	adminPanel	0001_initial	2024-01-30 09:26:35.16463+05:30
20	adminPanel	0002_product	2024-01-30 09:26:35.210509+05:30
21	adminPanel	0003_product_image	2024-01-30 09:26:35.22846+05:30
22	adminPanel	0004_remove_categories_products	2024-01-30 09:26:35.233452+05:30
23	adminPanel	0005_categories_products	2024-01-30 09:26:35.243339+05:30
24	adminPanel	0006_product_quantity	2024-01-30 09:26:35.265279+05:30
25	adminPanel	0007_remove_categories_products	2024-01-30 09:26:35.271262+05:30
26	adminPanel	0008_product_is_active	2024-01-30 09:26:35.293204+05:30
27	adminPanel	0009_multipleimage	2024-01-30 09:26:35.339887+05:30
28	adminPanel	0010_product_pincodepro	2024-01-30 09:26:35.366427+05:30
29	adminPanel	0011_alter_product_quantity	2024-01-30 09:26:35.385801+05:30
30	adminPanel	0012_coupons	2024-01-30 09:26:35.397769+05:30
31	adminPanel	0013_coupons_discount	2024-01-30 09:26:35.405748+05:30
32	adminPanel	0014_coupons_number	2024-01-30 09:26:35.411732+05:30
33	adminPanel	0015_coupons_coupon_type	2024-01-30 09:26:35.41971+05:30
34	adminPanel	0016_alter_coupons_discount	2024-01-30 09:26:35.432086+05:30
35	adminPanel	0017_rename_number_coupons_num	2024-01-30 09:26:35.439069+05:30
36	adminPanel	0018_remove_coupons_discount	2024-01-30 09:26:35.446049+05:30
37	adminPanel	0019_coupons_discount	2024-01-30 09:26:35.452033+05:30
38	adminPanel	0020_product_security	2024-01-30 09:26:35.469985+05:30
39	adminPanel	0021_offers	2024-01-30 09:26:35.480958+05:30
40	adminPanel	0022_offers_offer_percentage	2024-01-30 09:26:35.485943+05:30
41	adminPanel	0023_product_address_product_availability_product_city_and_more	2024-01-30 09:26:35.581686+05:30
42	adminPanel	0024_remove_offers_name_remove_offers_offer_percentage_and_more	2024-01-30 09:26:35.646814+05:30
43	adminPanel	0025_product_rentable	2024-01-30 09:26:35.662769+05:30
44	adminPanel	0026_product_offer_price	2024-01-30 09:26:35.680858+05:30
45	adminPanel	0027_categoryoffer_productoffer_delete_offers	2024-01-30 09:26:35.763705+05:30
46	adminPanel	0028_categoryoffer_is_active_productoffer_is_active	2024-01-30 09:26:35.782992+05:30
47	adminPanel	0029_rename_offer_price_product_discounted_price	2024-01-30 09:26:35.808922+05:30
48	adminPanel	0030_alter_product_discounted_price	2024-01-30 09:26:35.828869+05:30
49	adminPanel	0031_categories_is_active_and_more	2024-01-30 09:26:35.85683+05:30
50	adminPanel	0032_alter_categoryoffer_discount_percentage	2024-01-30 09:26:35.877768+05:30
51	cart	0001_initial	2024-01-30 09:26:35.920653+05:30
52	cart	0002_cart_price_alter_cart_days_needed_and_more	2024-01-30 09:26:35.981489+05:30
53	cart	0003_remove_cart_price	2024-01-30 09:26:35.999907+05:30
54	ipn	0001_initial	2024-01-30 09:26:36.04211+05:30
55	ipn	0002_paypalipn_mp_id	2024-01-30 09:26:36.057068+05:30
56	ipn	0003_auto_20141117_1647	2024-01-30 09:26:36.076019+05:30
57	ipn	0004_auto_20150612_1826	2024-01-30 09:26:36.358293+05:30
58	ipn	0005_auto_20151217_0948	2024-01-30 09:26:36.38243+05:30
59	ipn	0006_auto_20160108_1112	2024-01-30 09:26:36.411752+05:30
60	ipn	0007_auto_20160219_1135	2024-01-30 09:26:36.432663+05:30
61	ipn	0008_auto_20181128_1032	2024-01-30 09:26:36.450309+05:30
62	ipn	0009_alter_paypalipn_id	2024-01-30 09:26:36.495884+05:30
63	user	0002_customuser_is_staff	2024-01-30 09:26:36.525802+05:30
64	user	0003_alter_customuser_is_staff	2024-01-30 09:26:36.545749+05:30
65	user	0004_useraddress	2024-01-30 09:26:36.581416+05:30
66	user	0005_delete_useraddress	2024-01-30 09:26:36.586403+05:30
67	user	0006_useraddress	2024-01-30 09:26:36.631193+05:30
68	user	0007_useraddress_addresstype	2024-01-30 09:26:36.652137+05:30
69	order	0001_initial	2024-01-30 09:26:36.706935+05:30
70	order	0002_remove_order_cart_order_days_needed_order_product_and_more	2024-01-30 09:26:36.837025+05:30
71	order	0003_order_is_active	2024-01-30 09:26:36.866946+05:30
72	order	0004_order_total_price	2024-01-30 09:26:36.915702+05:30
73	order	0005_order_payment	2024-01-30 09:26:36.949428+05:30
74	order	0006_shipping	2024-01-30 09:26:36.99906+05:30
75	order	0007_shipping_status	2024-01-30 09:26:37.015017+05:30
76	order	0008_order_status_delete_shipping	2024-01-30 09:26:37.046934+05:30
77	order	0009_alter_order_status	2024-01-30 09:26:37.076852+05:30
78	order	0010_order_return_date	2024-01-30 09:26:37.104778+05:30
79	order	0011_remove_order_return_date	2024-01-30 09:26:37.135695+05:30
80	order	0012_order_ret_date	2024-01-30 09:26:37.159632+05:30
81	order	0013_order_del_date	2024-01-30 09:26:37.187558+05:30
82	order	0014_order_total_charges	2024-01-30 09:26:37.223462+05:30
83	order	0015_alter_order_total_charges	2024-01-30 09:26:37.281081+05:30
84	order	0016_order_platform_charges	2024-01-30 09:26:37.311002+05:30
85	order	0017_order_caution_deposit	2024-01-30 09:26:37.340923+05:30
86	order	0018_order_delivery_charge	2024-01-30 09:26:37.375945+05:30
87	order	0019_order_coupon	2024-01-30 09:26:37.41732+05:30
88	order	0020_order_offer_delivery_charge_and_more	2024-01-30 09:26:37.504785+05:30
89	order	0021_order_offer_caution_deposit	2024-01-30 09:26:37.537052+05:30
90	order	0022_order_payment_provider	2024-01-30 09:26:37.572525+05:30
91	order	0023_order_cancelled_rental	2024-01-30 09:26:37.614308+05:30
92	order	0024_alter_order_status	2024-01-30 09:26:37.661221+05:30
93	order	0025_order_payment_choice	2024-01-30 09:26:37.713522+05:30
94	order	0026_alter_order_status	2024-01-30 09:26:37.761161+05:30
95	order	0027_order_distance	2024-01-30 09:26:37.795752+05:30
96	order	0028_alter_order_distance	2024-01-30 09:26:37.858153+05:30
97	payments	0001_initial	2024-01-30 09:26:37.903647+05:30
98	provider	0001_initial	2024-01-30 09:26:37.952563+05:30
99	provider	0002_delete_provider_details	2024-01-30 09:26:37.958762+05:30
100	provider	0003_initial	2024-01-30 09:26:38.017773+05:30
101	provider	0004_rename_provider_details_provider_credentials	2024-01-30 09:26:38.15049+05:30
102	provider	0005_rename_provier_provider_credentials_provider	2024-01-30 09:26:38.185344+05:30
103	provider	0006_alter_provider_credentials_pan_photo	2024-01-30 09:26:38.213241+05:30
104	provider	0007_alter_provider_credentials_pan_photo	2024-01-30 09:26:38.238877+05:30
105	sessions	0001_initial	2024-01-30 09:26:38.262137+05:30
106	user	0008_customuser_is_super	2024-01-30 09:26:38.294054+05:30
107	user	0009_customuser_referral_code	2024-01-30 09:26:38.333945+05:30
108	user	0010_customuser_referrer	2024-01-30 09:26:38.375834+05:30
109	user	0011_alter_customuser_password	2024-01-30 09:26:38.400766+05:30
110	user	0012_alter_customuser_password	2024-01-30 11:45:24.114279+05:30
\.


--
-- Data for Name: django_session; Type: TABLE DATA; Schema: public; Owner: postgres
--

COPY public.django_session (session_key, session_data, expire_date) FROM stdin;
04tjoqqwaa1yjp0pzyvu6rjvj855a64l	.eJxVjEEOgjAQRe_StWlw2gLj0j1nINOZqUVNSSisjHdXEha6_e-9_zIjbWset6rLOIm5GABz-h0j8UPLTuRO5TZbnsu6TNHuij1otcMs-rwe7t9Bppq_dfBMgh41ugTaSd-CbyEhnDtEz12rPScJjUvRRWxCw-SEmR1QAsRg3h8MaDhK:1rSDjK:0I-v_OQfpBQCaQM9nBa3JvB0FJI-KXnRAAzW36WQ-bE	2024-02-06 15:40:06.705+05:30
0hecz52ajwwpmz0dbb9mdyos2kavnf3h	.eJxVjDsOwjAUBO_iGll2_Kek5wzWJu-ZBFAsxUmFuDtESgHtzsy-RMa2jnlrvOSJxFk4cfrdegwPnndAd8y3Koc6r8vUy12RB23yWomfl8P9OxjRxm_dkTZMoQvOApYSCmIJqvg0KA1frA7FEPsOFFUyIZmoAa8VIjtmJ94f7pc4CQ:1rIWji:A5joIYJgwZyxvL9MjioDALWh7-3hCUrqtkSIDniS3Dc	2024-01-10 21:56:26.362+05:30
1kdqyujjq8khnirub9kepv13bxp4vnx2	.eJxFi80OATEYRV9Fukb0b4ZZERGCBfEzy6ZmPjSm00lbIyLe3bcgdveee8-LNDqEh_MlyUgRCsdJl7jYqACFh6hu8MSBz_PlapNPFmx_FNPNYpdIvl_PZmm-lJPp9vB1Wl2ZUpU6AjpswHiPsh6jHcoyyjMq-4zK0WCE73sAr0qI2lSBZC8CFhNKrWnh1o4vNpiqXziL17PxIapaW_jtCCv9Z0fszdXVoOq7PYFHlHCRiqFMpUgEeb8_9gZG3Q:1rGCl9:m047EncViVKrSwv4DJnd3cIyMl-Hc9f0pmx5i45jGIw	2024-01-04 12:12:19.696+05:30
1sjr2gi0t2uzu743z9z7pyfw4jivsiw8	.eJxFi8FOAjEURX_FdC3EvrZTMiswoDGExSxUyqYpM09smE4nbRljCP_uW2jc3XvuPVc2upy_YupYzdrcRsHuWSyjzdgmLPaM3zS8PpmN2r3s9Uo1z9pIs9mumnUDB3jfGyMef53J9b6znStIDjyAmHGYAb_jUHNRc5gvoFK6ovclY7IdFuf7zOorw0CJpMlPeJ6Wp5B9P29joOuHT7nYwQX82wn27p-9UR8_44B2uIQjJkKVkFoulFaykux2-wEcQ0cY:1rGCl7:676qDYGjNZQlYnqv_L92f3FU3VDu51FnqWqOD6EUrRg	2024-01-04 12:12:17.57+05:30
2dbzf2ey7nb9qhurf6sgyekboaerkt31	eyJwYXNzd29yZCI6IjEifQ:1rFVqq:qUodnmeebZall35YliS0YXV_gek6Ak-4MnrsWL-J77Y	2024-01-02 14:23:20.161+05:30
4l22whhdywfvwrj1g7bvhn8m64vxoj3c	.eJxVj0GLwjAQhf-KzFnFxKjY04JKC3UVVLS3kG1Gt2zalCTdZRH_uxMExTnNvJnvPeYKrfL-zzoNCTDog8MzOodOVqRw1gcbWumxdBjkD_7T1SYT63ydT_LPYrcrjrNC7KfLTbrdntJpvlhl8GB-lam01CogMXzExWDEBpz3GE8mIhmPh4yL-SxGdp7iNAZVGQ_JFbCmjqCAPrCPS5yGpa3p8lw5H2Sj6uh5oDVpRr2k6NZ-2wZl09Vf6KL0Vs8HlZGl1cQ0nTG32x35BFGV:1rRoeq:cvxkmUY8PrIRYJA2iH4QNwiuwH7q6oPLWk4G4BrIad4	2024-02-05 12:53:48.132+05:30
6fj1tjivsfgelzhgtbwhcsa7ba9v7gnu	.eJxVjDsOwjAUBO_iGll2_Kek5wzWJu-ZBFAsxUmFuDtESgHtzsy-RMa2jnlrvOSJxFk4cfrdegwPnndAd8y3Koc6r8vUy12RB23yWomfl8P9OxjRxm_dkTZMoQvOApYSCmIJqvg0KA1frA7FEPsOFFUyIZmoAa8VIjtmJ94f7pc4CQ:1rPPI1:-8_vXPxdaYSSrafeenhBhrMYOYCUvYBxsaDEt7sX7aw	2024-01-29 21:24:17.369+05:30
6t9pq8go1ns01agqi7bt1s9re37mfc55	.eJxVjDsOwjAQBe_iGln-xjIlPWewdr1rHEC2FCcV4u4QKQW0b2beSyTY1pq2wUuaSZyFFqffDSE_uO2A7tBuXebe1mVGuSvyoENeO_Hzcrh_BxVG_dYFI1rOToMnrw1AweADgSZLnLN1RfmJozYllmyjZ7ITKhOcMgrIBPH-ABDvOH4:1rQ54S:5lLbru5nsOZ5HvvzgjtJgyM4rdGnRFGOOQzgaQ0s3go	2024-01-31 18:01:04.678+05:30
8e6k8se56rsqmorb2u2yxj2hmzk6vny8	.eJxVjEEOgyAQRe_CuiEiWIrL7nsGMsMMamukQVg1vXu1ceP2v_ffR9SVs5_TMDD5VIvoS658ER5qGf0fTiR60WpxGhHCi5ed0BOWIcmQlpInlLsiD7rKRyKe74d7CoywjtubDdAN402h0cFGsLFxxnasHAFqpSxGR4qunYMuIFhutdHcYtDsQqfMFi2pwOzfeQos-kY23x9BHUdF:1rTMkH:Yj4y0Hq3KXrIlo9otzuJKTy4B4fIIZeS3xocH-fe_yY	2024-02-09 19:29:49.598+05:30
as2he0t0nv274z1m3bdig5xq70a6lnix	.eJxFjMEKwjAQRH9FclZJk7RgTxYPrbRWEC96CbFZtZg2JUkVEf_dFQRvO2_m7YsMyvuHdZqkJCJTYsMgPTQOgrzBE2G93efbZFfU5aY4rLIkPuTVsc6KMt9lQqyrn3NXptVSqwDoMMrEjEYzxieUppyllM4jLmic4Hr04KSGoFrjSfoi0OGFUgAfkuXlm-aN7XB5bp0Pslcd_GpkRv3R99twtT3IfuxO4BAJvhCCcREzjqWDMzinjGysRqEfjXm_P4kwS5A:1rRzXk:cYyIrEZmG24DUwTdxDNEqgZ3r2mON26uqezJyeopSCc	2024-02-06 00:31:12.61+05:30
b97v9vda4nrktl6cxqlsgc20a8kyglas	e30:1rRfAM:8wPKFNT9__Wt-IGl_vMaypE91I6cBab8wdvxuCyphsI	2024-02-05 02:45:42.686+05:30
cijnt87vfiy0rc9ltlskt92qb81gr9sh	.eJxVjDsOwjAUBO_iGll2_Kek5wzWJu-ZBFAsxUmFuDtESgHtzsy-RMa2jnlrvOSJxFk4cfrdegwPnndAd8y3Koc6r8vUy12RB23yWomfl8P9OxjRxm_dkTZMoQvOApYSCmIJqvg0KA1frA7FEPsOFFUyIZmoAa8VIjtmJ94f7pc4CQ:1rLxvv:B96qHlF30X2HHNflt6qzW5NQJ6gJC7fOyKeWdC6dMk4	2024-01-20 09:35:15.469+05:30
cwu2x0lkv48zwj3jis446h7s0yibti8z	.eJxVjEEOwiAQRe_C2hChQwdcuu8ZCMOAVA0kpV0Z765NutDtf-_9l_BhW4vfelr8zOIiQJx-NwrxkeoO-B7qrcnY6rrMJHdFHrTLqXF6Xg_376CEXr41nnEE65RBx0NQTKOJAMhKZU0Ok-WoSA3RZs0ImokoW20GSM4goBHvD8l5N1o:1rFtek:XOBn-j3fExbvliCUK5JucfSj97hgP49uKYZj1kTW4Kc	2024-01-03 15:48:26.765+05:30
dlfj8ldonz02v2rqkf99t56e3t705l7l	.eJxVjEEOgjAQRe_StWlw2gLj0j1nINOZqUVNSSisjHdXEha6_e-9_zIjbWset6rLOIm5GABz-h0j8UPLTuRO5TZbnsu6TNHuij1otcMs-rwe7t9Bppq_dfBMgh41ugTaSd-CbyEhnDtEz12rPScJjUvRRWxCw-SEmR1QAsRg3h8MaDhK:1rSCTl:M26I2dOIqoxsHHLNggHaMFQkOTkpCkt-Xr77JDalDGM	2024-02-06 14:19:57.328+05:30
e1z8qayibw0ciggluv9tfdxbi8o7o7c7	.eJxVjDsOgzAQBe-ydWT5g7FMmT5nsNbeNZAgLIFdRbl7QkRD-2bmvaHtvIWljCNTKK3CULfGNwjY6hT-cCYYQMFli5hevB6AnriORaSy1m2O4lDESXfxKMTL_XQvBxPu06_O0UfDqVNoySqNmKOzjlCRIU7JdFnanr3S2edkvGUyfZTadVJLJO3g8wVL9UEv:1rSyAU:ODHMoNRUKKyIgCzGmEgXgukAfWK9Pz3_APSqnwj6uxs	2024-02-08 17:15:14.783+05:30
erhmuj48x3oigo39b7dg05iu2i84knt6	.eJxVjMEOwiAQRP-FsyEuFLr16N1vICy7SNXQpLQn47_bJj3obTLvzbxViOtSwtpkDiOriwJQp9-SYnpK3Qk_Yr1POk11mUfSu6IP2vRtYnldD_fvoMRWtnXCATqwhNl30Yoh4CgJMjoWK3iG7MCYIVsSdn3K1gv7nrJ3uAWH6vMFFuo4pg:1rGmmj:JrsaSBbBS4JoAphQhUEdDH8PtPBtudJ-hPXSGvyNYwQ	2024-01-06 02:40:21.479+05:30
eztjfcc4vk1zr35f7lhq8rbqtga2kbgz	e30:1rFW0i:MpmeNymscZioVMYW24yPjajNAQKysVTBx2H__wG9mPM	2024-01-02 14:33:32.297+05:30
feyi5cy7wpflqfxxik31n93p4zyoxj5q	.eJxVjEEOgjAQRe_StWlw2gLj0j1nINOZqUVNSSisjHdXEha6_e-9_zIjbWset6rLOIm5GABz-h0j8UPLTuRO5TZbnsu6TNHuij1otcMs-rwe7t9Bppq_dfBMgh41ugTaSd-CbyEhnDtEz12rPScJjUvRRWxCw-SEmR1QAsRg3h8MaDhK:1rSEIY:SuJCd-PggoH6uQD7hAN-5xEeoS_13S7bj2KPSm52uqg	2024-02-06 16:16:30.648+05:30
h2d7n33qygjkrkevc4mpzpvhgd46kfu1	e30:1rFVqq:zEbslYhuzyH_sxqcgb6fPD4nNY2n17sIfyZjWg0-G9k	2024-01-02 14:23:20.27+05:30
h551mvvh1h5kakvagvf3vx1qstrr6zkd	.eJxVjDsOwjAQBe_iGln-xjIlPWewdr1rHEC2FCcV4u4QKQW0b2beSyTY1pq2wUuaSZyFFqffDSE_uO2A7tBuXebe1mVGuSvyoENeO_Hzcrh_BxVG_dYFI1rOToMnrw1AweADgSZLnLN1RfmJozYllmyjZ7ITKhOcMgrIBPH-ABDvOH4:1rFGsS:nIgdhFvrZ56XqcScRiltdjUX0ArF40D9VWWJz4X6GD8	2024-01-01 22:24:00.032+05:30
hflbizbm0bqvo7vwqdhhpe6knymo2qo8	.eJxVjDsOwjAQBe_iGln-xjIlPWewdr1rHEC2FCcV4u4QKQW0b2beSyTY1pq2wUuaSZyFFqffDSE_uO2A7tBuXebe1mVGuSvyoENeO_Hzcrh_BxVG_dYFI1rOToMnrw1AweADgSZLnLN1RfmJozYllmyjZ7ITKhOcMgrIBPH-ABDvOH4:1rGmhC:Nx4zhXAihEBXRan_Ez1CLrNriUZGPsJ3VgYcNwmRQoQ	2024-01-06 02:34:38.237+05:30
hy7apixrbkl14k02qj0an91y0ctuv78k	.eJxVjEEOgjAQRe_StWlw2gLj0j1nINOZqUVNSSisjHdXEha6_e-9_zIjbWset6rLOIm5GABz-h0j8UPLTuRO5TZbnsu6TNHuij1otcMs-rwe7t9Bppq_dfBMgh41ugTaSd-CbyEhnDtEz12rPScJjUvRRWxCw-SEmR1QAsRg3h8MaDhK:1rS8kZ:V_tlke3faao-b-d1-cEXvgR16EIY6ACNQIfF0GGgOMw	2024-02-06 10:21:03.952+05:30
j4bs3k5zwhs35qpl45r71saq4ppxaejy	.eJxFjFFrgzAUhf9KyXNbYoy6-jQKXYuWynTdoC_hVu-srUZJ4sYo_vfdwmBv53yc79zZANZ-96ZiMfPYnPVuUBZLg07d8IdgkeTy-JEm-1O-O2SvYVps0uQ9ytdvp5cw2GR_zhe0TaUqcEiO4MJfeGIh-IyvYu7FMlzyQAZS0Hq0aFSFDprWsvjOsKNEUq2hMdfxuX70Zdl3tP1sjHVKQ_d43YKugWAL_-xAfbj0GpUeuzMaQqunKAykLzzOpukXgV1FNg:1rFnIH:d3Kr3HlloXjAWYXEATBMP-I6hOZ8jQzu6WJ2uPcKMpU	2024-01-03 09:00:49.419+05:30
m2nkeyzyu4xes3b69n7qsv0t007sh40u	.eJxVkN1qwzAMhV9l-LoNsR0nTa62sR_oKO1WWFlvjBLLTdrEKbazMUrffc7ooANdSJ_OkZBO5AjOffVWkYJQMiG9P0qHlUUvD_gd4HK1fliu3udrsUjuttu3l0cxT5P0jW0-1k_Pm9eL5xPaRkkFHoOHxYxPKZvS_CamRTIr4jRK-SynLKgHh1Yq9NC0jhQngl3IgmlnoLH74XY31lHVd0GrG-u8NNCNU5XTTgXYwhXTIznWvUFphq5EO97BeMJZCHKeEAmDr-Xv0ubvyCtWQnVAMzbUHsyuD4uNt00ZjZLo0nXRolfY3l-0_wbU4Org1mVecqwSCkIJygB0mYlMAVVcYVXxRMcixfABneuK5wIVT8uYZUnMYlAsI-cfxcB9pA:1rFKAh:ujCrdbOvMgenBKuq02vgI_MTTOCPlg-hXJuDd-n-8Iw	2024-01-02 01:55:03.895+05:30
m8ynysbqy31fjcrs5s7iaebe7t9zb1dg	.eJxVjEEOwiAQRe_C2hChQwdcuu8ZCMOAVA0kpV0Z765NutDtf-_9l_BhW4vfelr8zOIiQJx-NwrxkeoO-B7qrcnY6rrMJHdFHrTLqXF6Xg_376CEXr41nnEE65RBx0NQTKOJAMhKZU0Ok-WoSA3RZs0ImokoW20GSM4goBHvD8l5N1o:1rPeoZ:qCWwrIiaPcS43LdwhCW6ZgXsLSGo6usGttjgMn57gTM	2024-01-30 13:58:55.335+05:30
ml3drrt624biyte9jkqgyxv736yyktzd	.eJwty80KgjAAAOBXiZ1TtjGdecr87WB0KdlpjLlipE62WUT07hF4_74PkIu1avJ8ccqCFAj30pObjYeQ7u-j0EMozQi2wPiZOyWt8vyh3vxm_ror25xlZdOxU3Gs2KVuzpgcSFTU1zxr42p9TzHonvfCq_VhiEkAUYCSDYpTRFMUhZiSZEfB9wd4RC3x:1rQPuc:ikGrE1hLkEJaZXqu_Ea_-_JfK_-g6oMpv1B_dXZxX7U	2024-02-01 16:16:18.003+05:30
n7wbgqa06776pllyj0u1cjkkw4mkhbk6	.eJxVjDsOwjAQBe_iGln-xjIlPWewdr1rHEC2FCcV4u4QKQW0b2beSyTY1pq2wUuaSZyFFqffDSE_uO2A7tBuXebe1mVGuSvyoENeO_Hzcrh_BxVG_dYFI1rOToMnrw1AweADgSZLnLN1RfmJozYllmyjZ7ITKhOcMgrIBPH-ABDvOH4:1rG1Fv:xp9wjWPBYh6UMFvIlmOQzNpq65HhD_3K20jGsLSqGdg	2024-01-03 23:55:19.952+05:30
ntxyc32tsjvxj1mvi831v4yfhlv9ikqx	.eJxVjDsOwjAQBe_iGln-xjIlPWewdr1rHEC2FCcV4u4QKQW0b2beSyTY1pq2wUuaSZyFFqffDSE_uO2A7tBuXebe1mVGuSvyoENeO_Hzcrh_BxVG_dYFI1rOToMnrw1AweADgSZLnLN1RfmJozYllmyjZ7ITKhOcMgrIBPH-ABDvOH4:1rFo3v:2QKR949Z7_pU3N0g5aYM668MgktoHdVbhrmQsiJpVAk	2024-01-03 09:50:03.137+05:30
oplhctchxatkmyb2pzmiqet9m25n5i0i	.eJxFj90KwjAMhV9Fcq3iug23XSlzoIII_oB6U-oaddito-0UEd_dqKgQQs7J-Qi5Qy2svWojIQEP2mDwgMag4QU5zGuDdjW3mBt0_Iw3Sm2zebbJxusFmy2G6SSd9per9S6chrt5Goy2I_gwF6EKyaVwSAzrsaDT8zqMtbw48UOqbuxHURxRurF0TqIThbKQ3AFLmghyaJ0_OL5UN9clJQ-FsY5XosT3mvZkKvH3fNL1SVfIq6bco3lZ_SCOvu33oFA815KQqlHq8XgCLohSUw:1rRuum:WF5uHHiiSfyDGUOuBF_Q50-re0CqWDtDXuybjLTsxHw	2024-02-05 19:34:40.577+05:30
oyt29ytun1ldfya91g5yqxc4i6460mws	.eJxVjEEOgjAQRe_StWlw2gLD0r1naNqZKaCGJtCujHdXDBu2_73336pusvpXHkdhn2tRQ1mrXJQPtUz-D2dWgwJQpzEGesqyE36EZcya8lLWOepd0Qfd9D2zvG6HezqYwjb9amcpMFqUaBJIx30LtoWEcO0QLXWt9JTYNSZFE7FxDQXDRGQgJEB06vMFUB9A-w:1rSFny:U6as3BcwmMUHnH7G5UWwv0onmcgnBE8UFTuigpeDkds	2024-02-06 17:53:02.094+05:30
qapq20qew517kv51bf6tngaiwxxkaniy	.eJxVjDsOwjAUBO_iGll2_Kek5wzWJu-ZBFAsxUmFuDtESgHtzsy-RMa2jnlrvOSJxFk4cfrdegwPnndAd8y3Koc6r8vUy12RB23yWomfl8P9OxjRxm_dkTZMoQvOApYSCmIJqvg0KA1frA7FEPsOFFUyIZmoAa8VIjtmJ94f7pc4CQ:1rPexJ:-ufoQuicJaa5gK_h6TgVlz668j03l9DgzXwvfHYFMQA	2024-01-30 14:07:57.417+05:30
qg9izd3ddo80nzbki1539sbtnzgymo8f	.eJxFzN1qwzAMBeBXGb5eS5x46chVfxjrxtotoyntlXFjbTVN7GA5CaPk3adAoUIX4uMcXVmjEHvnNcsYZ4_MhUYilB6CvMAf4XZfvOSbr93-uBSzfL1LV-_fH-m2OCzEZ_72url1OlUZLbUKQJ04isUk4hM-e-A8e0qzKJ5GInnmgtItgpcagjIVsuzKoKaLSqWznQEMav47yrR0NaV_jMcgrarHvws898aSVuqOqAmas7MgbVufwJOJJE7GHYcNwz9Hz0d2:1rPzMP:kIKU8J2DLZwwi-WjNez0Q_8a1y42aSGs5GiPWxoALmQ	2024-01-31 11:55:13.629+05:30
s0nkf42hftqvlpf7niupg8vhwmrtcctk	.eJxVjDsOwjAUBO_iGll2_Kek5wzWJu-ZBFAsxUmFuDtESgHtzsy-RMa2jnlrvOSJxFk4cfrdegwPnndAd8y3Koc6r8vUy12RB23yWomfl8P9OxjRxm_dkTZMoQvOApYSCmIJqvg0KA1frA7FEPsOFFUyIZmoAa8VIjtmJ94f7pc4CQ:1rTaHO:CXjwvjcWErnnq0stjM1sMLDsXkJiekIgpHQmdID0I_A	2024-02-10 09:56:54.213+05:30
u9kqkg3fxj3q6dhmhgh0ljk3o0uyhmg9	.eJxVjDsOwjAQBe_iGll24l8o6XMGa-3dxQHkSHFSIe5OIqWA9s3Me4sI21ri1miJE4qrMOLyuyXIT6oHwAfU-yzzXNdlSvJQ5EmbHGek1-10_w4KtLLXpCB5RUZ1vrO90zY5HYJHzi4wBQD2PiPrRAaGQSG4Hk3aJfZWMaP4fAHpizia:1rS8xw:mxaKLSQV_Xul8G34Hvb5LFDc0VFXxFPfCVfWYSIHAeE	2024-02-06 10:34:52.836+05:30
vcyzy1mwfpicddtwzrybhlua8asa9bwf	.eJxVjDsOgzAQBe_iOrIw_qxNmT5nsHbXJpAgHIGpotw9IFEk7Zt58xYRtzrEbc1LHJPohAJx-R0J-Znng6QHzvciucx1GUkeijzpKm8l5el6un-BAddhf3Mw2bMH7G1AqwESaPKO2PlstCE0fauACINuSSXHTllovEnaJgQV9mgtFaf4WkbOoms-X7x6PVs:1rR2iC:4OsTUCw2WqeTnVx28GhlVvS7l2mb0rih48Q4Cbdq8ug	2024-02-03 09:42:04.85+05:30
x2ydv8pprnp3x9w43hlnndivhm2tx8mj	.eJxVjDsOwjAQBe_iGln-xjIlPWewdr1rHEC2FCcV4u4QKQW0b2beSyTY1pq2wUuaSZyFFqffDSE_uO2A7tBuXebe1mVGuSvyoENeO_Hzcrh_BxVG_dYFI1rOToMnrw1AweADgSZLnLN1RfmJozYllmyjZ7ITKhOcMgrIBPH-ABDvOH4:1rGmFr:LxIYAMpqAwdmxAsSJ32sQOAiIOeuyHEk3CWLjCF_Y_E	2024-01-06 02:06:23.916+05:30
xjn5875w0ybjwcwswbpx8owgwea0njxs	e30:1rRfAs:y4oZUnvWGTeaauANNAC_OtfWKZaxW6rt4HQEFdhxB2U	2024-02-05 02:46:14.73+05:30
xjnkpl6jfog573jc4ln0264v192uencr	.eJxVjDsOwjAQBe_iGln-xjIlPWewdr1rHEC2FCcV4u4QKQW0b2beSyTY1pq2wUuaSZyFFqffDSE_uO2A7tBuXebe1mVGuSvyoENeO_Hzcrh_BxVG_dYFI1rOToMnrw1AweADgSZLnLN1RfmJozYllmyjZ7ITKhOcMgrIBPH-ABDvOH4:1rRDUA:OdvpstDB8_JsUOZL_-OJsi_sq0CQLXuPCM0sjBzOtQo	2024-02-03 21:12:18.953+05:30
ywh8xo4divrto7diacmwa3490ta29spq	.eJxVjDsOwjAUBO_iGll2_Kek5wzWJu-ZBFAsxUmFuDtESgHtzsy-RMa2jnlrvOSJxFk4cfrdegwPnndAd8y3Koc6r8vUy12RB23yWomfl8P9OxjRxm_dkTZMoQvOApYSCmIJqvg0KA1frA7FEPsOFFUyIZmoAa8VIjtmJ94f7pc4CQ:1rLxpn:llJkcXR13ASbOdBCGYH39LTFRQ6GWHiXDJVxsp_--4A	2024-01-20 09:28:55.938+05:30
\.


--
-- Data for Name: order_order; Type: TABLE DATA; Schema: public; Owner: postgres
--

COPY public.order_order (id, date, address_id, user_id, days_needed, product_id, quantity, is_active, total_price, payment, status, ret_date, del_date, total_charges, platform_charges, caution_deposit, delivery_charge, coupon_id, offer_delivery_charge, offer_total_charges, offer_total_price, offer_caution_deposit, payment_provider, cancelled_rental, payment_choice, distance) FROM stdin;
63	2024-01-17	27	4	3	40	1	t	600	f		2024-01-17	2024-01-17	1646	6	1000	40	\N	0	0	0	0	f	f		0
64	2024-01-17	28	13	3	39	1	t	600	t	completed	2024-01-20	2024-01-17	1646	6	1000	40	\N	0	0	0	0	f	f		0
65	2024-01-17	29	13	5	40	5	t	5000	f		2024-01-17	2024-01-17	6070	30	1000	40	\N	0	0	0	0	f	f		0
66	2024-01-17	31	14	3	40	1	t	600	t	rental_period	2024-01-20	2024-01-17	1646	6	1000	40	\N	0	0	0	0	f	f		0
68	2024-01-18	21	1	3	39	1	t	600	f	confirmed	2024-01-18	2024-01-18	1646	6	1000	40	6	35	1641	600	1000	f	f		0
77	2024-01-20	28	13	3	39	2	t	1200	f	confirmed	2024-01-20	2024-01-20	2252	12	1000	40	\N	0	0	0	0	f	f		0
87	2024-01-22	39	25	3	41	1	t	333	t	completed	2024-01-22	2024-01-22	931	3	555	40	\N	0	0	0	0	f	t		0.877986019316725
92	2024-01-23	40	23	3	42	1	t	600	t	completed	2024-01-26	2024-01-23	1646	6	1000	40	9	40	1046	0	1000	f	f		0
93	2024-01-23	41	22	3	41	1	f	333	f		2024-01-23	2024-01-23	931	3	555	40	\N	0	0	0	0	f	f		0.877986019316725
94	2024-01-23	41	22	3	41	1	t	333	f	confirmed	2024-01-23	2024-01-23	931	3	555	40	\N	40	598	0	555	f	f	wallet	0.877986019316725
95	2024-01-23	40	23	3	41	1	t	333	t	cancelled	2024-01-23	2024-01-23	931	3	555	40	\N	0	0	0	0	f	t		0.877986019316725
96	2024-01-23	42	5	3	41	1	f	333	f		2024-01-23	2024-01-23	931	3	555	40	\N	0	0	0	0	f	f		0
97	2024-01-23	42	5	3	41	1	f	333	f		2024-01-23	2024-01-23	931	3	555	40	\N	0	0	0	0	f	f		0
98	2024-01-23	42	5	3	41	1	f	333	f		2024-01-23	2024-01-23	931	3	555	40	\N	0	0	0	0	f	f		0
99	2024-01-23	42	5	3	41	1	f	333	f		2024-01-23	2024-01-23	931	3	555	40	\N	0	0	0	0	f	f		0
100	2024-01-23	42	5	3	37	1	t	30	f	confirmed	2024-01-23	2024-01-23	71	0	1	40	\N	0	0	0	0	f	f		0
101	2024-01-23	42	5	3	37	1	f	30	f	cancelled	2024-01-23	2024-01-23	71	0	1	40	\N	0	0	0	0	f	f		0
102	2024-01-23	42	5	3	37	1	f	30	f	cancelled	2024-01-23	2024-01-23	71	0	1	40	\N	0	0	0	0	f	f		0
103	2024-01-23	42	5	3	37	1	f	30	f		2024-01-23	2024-01-23	71	0	1	40	\N	0	0	0	0	f	f		0
104	2024-01-23	42	5	3	37	1	f	30	f		2024-01-23	2024-01-23	71	0	1	40	\N	0	0	0	0	f	f		0
105	2024-01-23	42	5	3	37	1	f	30	f		2024-01-23	2024-01-23	71	0	1	40	\N	0	0	0	0	f	f		0
106	2024-01-23	42	5	3	41	1	f	333	f		2024-01-23	2024-01-23	931	3	555	40	\N	0	0	0	0	f	f		0
107	2024-01-23	42	5	3	41	1	f	333	f		2024-01-23	2024-01-23	931	3	555	40	\N	0	0	0	0	f	f		0
108	2024-01-23	42	5	3	41	1	f	333	f		2024-01-23	2024-01-23	931	3	555	40	\N	0	0	0	0	f	f		0
109	2024-01-23	42	5	3	41	1	f	333	f		2024-01-23	2024-01-23	931	3	555	40	\N	0	0	0	0	f	f		0
110	2024-01-23	42	5	3	41	1	f	333	f		2024-01-23	2024-01-23	931	3	555	40	\N	0	0	0	0	f	f		0
111	2024-01-23	42	5	3	41	1	f	333	f		2024-01-23	2024-01-23	931	3	555	40	\N	0	0	0	0	f	f		0
112	2024-01-23	42	5	3	41	1	f	333	f		2024-01-23	2024-01-23	931	3	555	40	\N	0	0	0	0	f	f		0
113	2024-01-23	42	5	3	41	1	f	333	f		2024-01-23	2024-01-23	931	3	555	40	\N	0	0	0	0	f	f		0
114	2024-01-23	42	5	3	41	1	f	333	f		2024-01-23	2024-01-23	931	3	555	40	\N	0	0	0	0	f	f		0
115	2024-01-23	42	5	3	41	1	f	333	f		2024-01-23	2024-01-23	931	3	555	40	\N	0	0	0	0	f	f		0
116	2024-01-23	42	5	3	41	1	f	333	f		2024-01-23	2024-01-23	931	3	555	40	\N	0	0	0	0	f	f		0
117	2024-01-23	42	5	3	41	1	f	333	f		2024-01-23	2024-01-23	931	3	555	40	\N	0	0	0	0	f	f		0
118	2024-01-23	42	5	3	41	1	f	333	f		2024-01-23	2024-01-23	931	3	555	40	\N	0	0	0	0	f	f		0
119	2024-01-23	42	5	3	41	1	f	333	f		2024-01-23	2024-01-23	931	3	555	40	\N	0	0	0	0	f	f		0
120	2024-01-23	42	5	3	41	1	f	333	f		2024-01-23	2024-01-23	931	3	555	40	\N	0	0	0	0	f	f		0
121	2024-01-23	42	5	3	41	1	f	333	f	cancelled	2024-01-23	2024-01-23	931	3	555	40	\N	0	0	0	0	f	f		0
122	2024-01-23	42	5	3	41	2	t	666	f	confirmed	2024-01-23	2024-01-23	1267	6	555	40	\N	0	0	0	0	f	f		0
123	2024-01-24	44	32	6	41	26	t	17316	t	cancelled	2024-01-24	2024-01-24	17941	30	555	40	\N	0	0	0	0	f	t		0.877986019316725
126	2024-01-25	45	1	3	47	1	t	300	f	confirmed	2024-01-25	2024-01-25	398	3	55	40	\N	0	0	0	0	f	f		0
127	2024-01-25	45	1	3	47	1	f	300	f		2024-01-25	2024-01-25	398	3	55	40	\N	0	0	0	0	f	f		0
128	2024-01-25	45	1	3	47	1	f	300	f		2024-01-25	2024-01-25	398	3	55	40	\N	0	0	0	0	f	f		0
130	2024-01-25	40	23	3	47	1	t	150	f	confirmed	2024-01-25	2024-01-25	246	1	55	40	\N	0	0	0	0	f	f		0.877986019316725
131	2024-01-25	49	31	3	45	19	f	28500	f		2024-01-25	2024-01-25	31070	30	2500	40	\N	0	0	0	0	f	f		0.877986019316725
132	2024-01-25	50	17	3	41	1	t	165	f	confirmed	2024-01-25	2024-01-25	761	1	555	40	\N	0	0	0	0	f	f		0.877986019316725
\.


--
-- Data for Name: payments_user_wallet; Type: TABLE DATA; Schema: public; Owner: postgres
--

COPY public.payments_user_wallet (id, balance_amount, updated_at, user_id) FROM stdin;
1	1632	2024-01-13 02:08:23.035+05:30	5
2	0	2024-01-17 11:57:15.396+05:30	13
3	0	2024-01-17 17:40:26.001+05:30	14
4	0	2024-01-18 10:01:36.027+05:30	15
5	0	2024-01-18 16:07:14.681+05:30	16
6	3150	2024-01-21 18:45:17.348+05:30	17
9	0	2024-01-22 11:35:40.7+05:30	20
10	300	2024-01-22 19:38:18.364+05:30	21
11	1031	2024-01-25 13:51:51.121+05:30	23
12	100	2024-01-22 19:34:49.742+05:30	24
13	1031	2024-01-22 19:41:37.954+05:30	25
14	100	2024-01-22 19:48:32.435+05:30	4
15	0	2024-01-23 00:31:12.631+05:30	26
16	0	2024-01-23 00:32:59.677+05:30	27
17	100	2024-01-23 00:34:34.621+05:30	28
18	100	2024-01-23 00:34:34.613+05:30	29
19	0	2024-01-23 00:35:15.368+05:30	30
20	0	2024-01-23 00:44:40.302+05:30	31
21	17941	2024-01-24 09:26:28.184+05:30	32
22	0	2024-01-25 16:14:19.979+05:30	33
23	0	2024-01-25 16:24:23.078+05:30	34
\.


--
-- Data for Name: paypal_ipn; Type: TABLE DATA; Schema: public; Owner: postgres
--

COPY public.paypal_ipn (id, business, charset, custom, notify_version, parent_txn_id, receiver_email, receiver_id, residence_country, test_ipn, txn_id, txn_type, verify_sign, address_country, address_city, address_country_code, address_name, address_state, address_status, address_street, address_zip, contact_phone, first_name, last_name, payer_business_name, payer_email, payer_id, auth_amount, auth_exp, auth_id, auth_status, exchange_rate, invoice, item_name, item_number, mc_currency, mc_fee, mc_gross, mc_handling, mc_shipping, memo, num_cart_items, option_name1, option_name2, payer_status, payment_date, payment_gross, payment_status, payment_type, pending_reason, protection_eligibility, quantity, reason_code, remaining_settle, settle_amount, settle_currency, shipping, shipping_method, tax, transaction_entity, auction_buyer_id, auction_closing_date, auction_multi_item, for_auction, amount, amount_per_cycle, initial_payment_amount, next_payment_date, outstanding_balance, payment_cycle, period_type, product_name, product_type, profile_status, recurring_payment_id, rp_invoice_id, time_created, amount1, amount2, amount3, mc_amount1, mc_amount2, mc_amount3, password, period1, period2, period3, reattempt, recur_times, recurring, retry_at, subscr_date, subscr_effective, subscr_id, username, case_creation_date, case_id, case_type, receipt_id, currency_code, handling_amount, transaction_subject, ipaddress, flag, flag_code, flag_info, query, response, created_at, updated_at, from_view, mp_id, option_selection1, option_selection2) FROM stdin;
\.


--
-- Data for Name: provider_provider_credentials; Type: TABLE DATA; Schema: public; Owner: postgres
--

COPY public.provider_provider_credentials (id, pan_card, pan_photo, paypal_id, provider_id) FROM stdin;
3	bhu12312321	uploads/provider/cropped_ttYFxlj.jpg	sb-fxbjf29208477@personal.example.com	4
4	BHU12323123	uploads/provider/cropped_gJo2uSA.jpg	sb-fxbjf29208477@personal.example.com	5
\.


--
-- Data for Name: user_customuser; Type: TABLE DATA; Schema: public; Owner: postgres
--

COPY public.user_customuser (id, password, last_login, is_superuser, email, first_name, last_name, phone_number, is_active, date_joined, is_staff, is_super, referral_code, referrer_id) FROM stdin;
1	pbkdf2_sha256$720000$pnrgG7fptZBYYunY8tAPCD$8nqrgM9Kc121BJok836ejKaMIpyQiSsvTYmSHDcvEIY=	2024-01-26 19:27:43.665+05:30	t	lyf@gmail.com	lyf	rentals	8921573004	t	2023-12-18 02:03:56.406+05:30	t	f	\N	\N
3	pbkdf2_sha256$720000$eNsDiTj9NZPZ5xt24sxLT9$C9oT6EahAja+mQZh5zQF2ITlNCGeFFZzacfHX9Jm2jg=	2024-01-25 13:53:07.319+05:30	f	prajunvelandi@gmail.com	Prajun	v	9087654321	t	2023-12-20 08:55:38+05:30	t	f	IfE5xMT4CX	\N
4	pbkdf2_sha256$720000$0Jv23yt3w7Jt44s73gFsTI$4THeHPxeLVGzRFL72cmE2OFu57GUUmwY/7OEmXS7MNo=	2024-01-25 17:52:57.355+05:30	f	gnairju@gmail.com	Ganga	N	9876543210	t	2023-12-20 09:02:39.166+05:30	t	f	q5CjLLwMbN	\N
5	pbkdf2_sha256$720000$ESqu00uU9i0s2vbSLjoHND$PHULWxXyl9JIj3ac/bx8hZHJf7/MrIvwk91OgSwvv5E=	2024-01-27 09:56:54.213+05:30	f	ammu854757@gmail.com	Ammu	U	3232131232	t	2023-12-20 23:38:45.275+05:30	t	f	\N	\N
6	pbkdf2_sha256$720000$4ROgDbv2dlH5IFBcn6lEkF$cvnLR9bUHvTx4xe5FevfpLaMjqzCz67oxn2UZYT98EI=	2023-12-20 23:40:53.093+05:30	f	unni7118@gmail.com	Unnikrishnan	A G	90909090090	t	2023-12-20 23:40:51.942+05:30	f	f	\N	\N
7	pbkdf2_sha256$720000$usD8LpojZfzMDUYPzU0l95$QZUe8gMTG3MxW7uYIi1+1FJ1MFIMAp1jW/j2edsEFRQ=	2023-12-28 10:33:20.719+05:30	f	jyothirgamaya34@gmail.com	jyo	t	334233432	t	2023-12-20 23:53:43.474+05:30	f	f	\N	\N
11	pbkdf2_sha256$720000$qjm7YE4CXBnlqMMvUQcrzG$LrPbo3ulRGE5V8RQ5RI1z/6NcYmSUjbIUM1LdQXLibc=	2023-12-30 15:03:20.875+05:30	f	anilkumarmeghna20@gmail.com	Ani	L	21212121212111	t	2023-12-22 14:06:25.542+05:30	t	f	\N	\N
13	pbkdf2_sha256$720000$pOxOci9NUx4jvKcNRd2BL0$twGAnOFAXOGWhfdAgmkN84fI36y8qhfxJyxbQD7v+jw=	2024-01-19 21:36:29.441+05:30	f	conviesta@gmail.com	Aswin	a	12312321323	t	2024-01-17 11:57:14.187+05:30	f	f	\N	\N
14	pbkdf2_sha256$720000$kH9vCcRxoATXmBMeLxRva5$ijDYQESqTUe4E+Xz1w8mkCC2U/fI0LiMjaXhkRLVkcI=	2024-01-17 17:40:25.99+05:30	f	abc@gmail.com	Helll	ss	12313232322	t	2024-01-17 17:40:23.975+05:30	f	f	\N	\N
15	pbkdf2_sha256$720000$ViZhk6LWxwyJ4t7rxl4epH$VwtyGFiHQwoQq8NWnIBZ7gl3Wg11/D2Li3J0xKm+WSU=	2024-01-18 16:02:47.466+05:30	f	xyz@gmail.com	test	user	121212121212	t	2024-01-18 10:01:34.82+05:30	f	f	\N	\N
16	pbkdf2_sha256$720000$PRqQVbjQJkY6M9xFnhm7Ol$yC3IWfGvo2YVDXbQOoOW6ImgUTG84idFxgYYJK4Yy3k=	2024-01-18 16:07:14.675+05:30	f	pqr@gmail.com	QP	R	23987493743	t	2024-01-18 16:07:13.44+05:30	f	f	\N	\N
17	pbkdf2_sha256$720000$OO9Yu2nI15fUiAYdzrVFB8$ZctKDYZDDqMV/EkQJvgusuIf8MMpxmmdVjyicr3lIG8=	2024-01-25 17:48:07.854+05:30	f	aswinspot007@gmail.com	Aswin	S	2222222222	t	2024-01-18 16:15:18.305+05:30	t	f	3mq3EGQlFz	\N
20	pbkdf2_sha256$720000$DrnD28lSIRG7pwbO6AFSxA$FSLj/E1QofYudTTwTF4qGHCw1KlZmGfXsVvEJT6+xXw=	2024-01-26 19:21:52.707+05:30	f	hi@gmail.com	h	qq	2343423434	t	2024-01-22 11:35:39.393+05:30	f	f	zkHEkTk6KJ	\N
21	pbkdf2_sha256$720000$PDkWzn3Wj8d1V104Up9Wrg$vj0vuynPqyDz+LaXn0YyrPi0iwd5zRNPo48uXwZKcbs=	2024-01-22 19:33:08.253+05:30	f	hello@gmail.com	Hello	Onnn	2787875375	t	2024-01-22 11:49:17.906+05:30	f	f	0hBCRFZKJ9	20
22	pbkdf2_sha256$720000$w3s75tqVCCvjSKRmfyc5RC$MWA2tM+rKP3evMJO65aBVIc6eCUJFI5SjbB6/lGETOE=	2024-01-25 17:05:30.5+05:30	f	test1@gmail.com	Test	1	11111111111111	t	2024-01-22 12:53:46.906+05:30	t	f	qZmZd5Yuku	21
23	pbkdf2_sha256$720000$4s8hkR8nc1KDQwuHvqE0MC$B9Z01hOKFOdPAZwNg8jluxYbsIE9b9pxS1QYPamyNtM=	2024-01-26 19:29:18.585+05:30	f	test2@gmail.com	Test	2	3827498237	t	2024-01-22 13:05:16.478+05:30	f	f	PNJKrE0NK4	21
24	pbkdf2_sha256$720000$FouD1kB6BZ0mFt9v7lnywf$rrcVTufHjl16TNAfq1DKujHsO6ABElK0tA2/pCtbLJY=	2024-01-23 18:03:03.247+05:30	f	test3@gmail.com	teest	3	3749837498374	t	2024-01-22 19:34:48.412+05:30	f	f	vtuoU5e61z	21
25	pbkdf2_sha256$720000$LIJUy7lPqa1DNCqiQQ5qXN$eWItxZv/P+uIY4K1VZsLWFj+VzGDiu5MOV7zWpxI//k=	2024-01-22 19:38:18.35+05:30	f	test4@gmail.com	Test	4	3424323434232	t	2024-01-22 19:38:17.158+05:30	f	f	ATlBSlCPEl	21
26	pbkdf2_sha256$720000$z316EMwvGQf0yu2BfooL25$rwWaUrkv81CHJ3ja8dWdKiwTNunutcYoccO2WNz72H0=	2024-01-23 00:31:12.624+05:30	f	test6@gmail.com	test	6	43944234523	t	2024-01-23 00:31:11.395+05:30	f	f	fFNuVsGpq0	\N
27	pbkdf2_sha256$720000$qYIqYtu9UY9JCHE1czHOgy$lcIvxq+8wi2Lic3JR9aCUTCJQvZYdMqXOUWtgnBxgA8=	2024-01-23 00:32:59.669+05:30	f	test9@gmail.com	test	9	324789324354	t	2024-01-23 00:32:58.31+05:30	f	f	yUDCePDyOG	\N
28	pbkdf2_sha256$720000$MAgySOnj8ldmBwYYNjZ6Lw$KWT9uGK//LgtTK/aNZjtv12YY8Fi+/j2skU+PxUzzzM=	2024-01-23 00:33:45.509+05:30	f	test10@gmail.com	test0	0	27498273984	t	2024-01-23 00:33:44.312+05:30	f	f	KjJ4Cs8apY	\N
29	pbkdf2_sha256$720000$W5zbMuXd5WZewXPNVbtMSc$BP4+A8gzrdGXWpm5/LFuhBForMYn+P8NQmL0NBJ9+ME=	2024-01-23 00:34:34.605+05:30	f	test11@gmail.com	test	11	89579384755	t	2024-01-23 00:34:33.427+05:30	f	f	dxDnE8QgT9	28
30	pbkdf2_sha256$720000$QoYi2ynobrV5GS2oqYsFdM$qMo1oPpZXHybGHDEvBEWKg5POZ80QvGgEOX/TIAPHCs=	2024-01-23 00:35:15.359+05:30	f	test12@gmail.com	test	12	0257835035	t	2024-01-23 00:35:13.998+05:30	f	f	mGK9mDf5kR	\N
31	pbkdf2_sha256$720000$htSUvHQs9H3Mlr0lMzqOC5$UHpZseL81PrFwyYOGlY16seP+MsD1hXBFUj5jS/CnKk=	2024-01-25 16:27:15.847+05:30	f	user1@gmail.com	user	1	27472347373	t	2024-01-23 00:44:39.064+05:30	f	f	VDW9Vw6EzL	\N
32	pbkdf2_sha256$720000$7SuRrDiSdkU1sOru3wcPOB$5UXoci0SqcuDJMUGiLJXKxysdYhLDuKz5cCu+EEpsm4=	2024-01-24 09:40:43.393+05:30	f	vvv@gmail.com	v	v	123456789	t	2024-01-24 09:19:22.134+05:30	f	f	gpaKxdee0M	\N
33	pbkdf2_sha256$720000$UiOVQdkMTqKOYZAnFBYovA$y7UAi0w8UhKNE9W26Mw3+YG2jU7w/wTTkx8kWQYIzXw=	2024-01-25 16:14:19.979+05:30	f	jan@gmail.com	Jan	U	742374973298	t	2024-01-25 16:14:18.749+05:30	f	f	sgWkXxuy8v	\N
34	pbkdf2_sha256$720000$3GhYlKHKEFLCl2rln9RCt7$U00GzT21MC667fKikaSeV3AZDeOfaXYcIYn8ANjMUu8=	2024-01-25 16:24:23.072+05:30	f	hrlo@gmail.com	Ajay kumar	Pv	123456789012345	t	2024-01-25 16:24:21.888+05:30	f	f	cJpswlcPEu	\N
\.


--
-- Data for Name: user_customuser_groups; Type: TABLE DATA; Schema: public; Owner: postgres
--

COPY public.user_customuser_groups (id, customuser_id, group_id) FROM stdin;
\.


--
-- Data for Name: user_customuser_user_permissions; Type: TABLE DATA; Schema: public; Owner: postgres
--

COPY public.user_customuser_user_permissions (id, customuser_id, permission_id) FROM stdin;
\.


--
-- Data for Name: user_useraddress; Type: TABLE DATA; Schema: public; Owner: postgres
--

COPY public.user_useraddress (id, firstname, lastname, address, street, phone, city, state, pincode, user_id, "addressType") FROM stdin;
4	dfsd	fddfd	dfed	fdsfsd	dfds	xadfs	dfs	121212	7	Home
9	Ganga	N	Jyo	Paldjfl	32798938247	ofnsd	dsnfos	123232	4	Home
10	dfhds	fdds	dsdd	dfsn	7843934278	jlljklljk	lnnkn	809809	4	Work
15	Hell	sdf	sdfsdf	dfsdfs	432342342	sdfsdffd	dfsfsddfs	324324	11	Home
21	hhh	jhfvjhfv	vjhvbbv	jhjh	6755656565	jkbjk	jhj	678001	1	home
27	djdjsk	dfssdf	dsdfsdfsdf	dsdfsdf	83054754546	dfsfds	sfsdf	673001	4	hhih
28	Aswin	d	djfldjfldf	dfdfd	42343243333	dfdsfd	fdsfsdf	673001	13	home
29	12345	12345	yyjgu	uyiuy	jhguy,yiku	yui	iyy	uyiu9	13	dghgi
31	Ganga	nair	jdlkfjldkf	kjfldkjflk	79847982374	flsdjfljd	fmdlsfj	673001	14	Home
39	Test	user	dlkfjdljflksjd	sjdflkjsdlkfjs	247347803874	ldfj	lskjf	673002	25	home
40	test2	2	tatjalkj	lajfljlksdfj	87589759843	hkjdhf	jsdfljdls	673002	23	home
41	heoihjo	ldfjl;d	lkdjflsdjlf	flkdsjfljsd	sdjflkjdl	lsjflk	lkfjsdo	673002	22	Home
42	ldfjlkjdsf	jsdfljl	jlskdjfklj	lfjlskdjfl	089435780045	jdflk	jlfkdsj	673001	5	home
43	ef	EFVEWC	SWEFWf	ewfwF	231421343	EFASFE	WEQRWR	643211	32	zsdfv
44	2351T	4324	E4	4	123123	QWEF	WE	673002	32	242
45	dfdf`	dfd	fdf	fdsf	54243424333	dhdhg	fhgfhg	673001	1	dfsd
48	ghghghgh	ghuhhh	hjhjjhjh	jhjhjh	1234567891	kozhikode	jhjhhjjh	673305	31	hgghgggk
49	gghghgh	ggghghgh	ghgghggh	hgghghghghhgghgh	1234567891	jhjhjhjh	hjhjjhhjjh	673002	31	ffghjhjgj
50	aswin	a	random address	street	9876543210	kozhikde	kerala	673002	17	home
51	aswin	a	address	street	9876543210	CITY	STATE	201013	17	work
\.


--
-- Name: adminPanel_categories_id_seq; Type: SEQUENCE SET; Schema: public; Owner: postgres
--

SELECT pg_catalog.setval('public."adminPanel_categories_id_seq"', 14, true);


--
-- Name: adminPanel_categoryoffer_id_seq; Type: SEQUENCE SET; Schema: public; Owner: postgres
--

SELECT pg_catalog.setval('public."adminPanel_categoryoffer_id_seq"', 10, true);


--
-- Name: adminPanel_coupons_id_seq; Type: SEQUENCE SET; Schema: public; Owner: postgres
--

SELECT pg_catalog.setval('public."adminPanel_coupons_id_seq"', 9, true);


--
-- Name: adminPanel_multipleimage_id_seq; Type: SEQUENCE SET; Schema: public; Owner: postgres
--

SELECT pg_catalog.setval('public."adminPanel_multipleimage_id_seq"', 43, true);


--
-- Name: adminPanel_product_id_seq; Type: SEQUENCE SET; Schema: public; Owner: postgres
--

SELECT pg_catalog.setval('public."adminPanel_product_id_seq"', 47, true);


--
-- Name: adminPanel_productoffer_id_seq; Type: SEQUENCE SET; Schema: public; Owner: postgres
--

SELECT pg_catalog.setval('public."adminPanel_productoffer_id_seq"', 16, true);


--
-- Name: auth_group_id_seq; Type: SEQUENCE SET; Schema: public; Owner: postgres
--

SELECT pg_catalog.setval('public.auth_group_id_seq', 1, false);


--
-- Name: auth_group_permissions_id_seq; Type: SEQUENCE SET; Schema: public; Owner: postgres
--

SELECT pg_catalog.setval('public.auth_group_permissions_id_seq', 1, false);


--
-- Name: auth_permission_id_seq; Type: SEQUENCE SET; Schema: public; Owner: postgres
--

SELECT pg_catalog.setval('public.auth_permission_id_seq', 88, true);


--
-- Name: cart_cart_id_seq; Type: SEQUENCE SET; Schema: public; Owner: postgres
--

SELECT pg_catalog.setval('public.cart_cart_id_seq', 230, true);


--
-- Name: django_admin_log_id_seq; Type: SEQUENCE SET; Schema: public; Owner: postgres
--

SELECT pg_catalog.setval('public.django_admin_log_id_seq', 130, true);


--
-- Name: django_content_type_id_seq; Type: SEQUENCE SET; Schema: public; Owner: postgres
--

SELECT pg_catalog.setval('public.django_content_type_id_seq', 21, true);


--
-- Name: django_migrations_id_seq; Type: SEQUENCE SET; Schema: public; Owner: postgres
--

SELECT pg_catalog.setval('public.django_migrations_id_seq', 110, true);


--
-- Name: order_order_id_seq; Type: SEQUENCE SET; Schema: public; Owner: postgres
--

SELECT pg_catalog.setval('public.order_order_id_seq', 132, true);


--
-- Name: payments_user_wallet_id_seq; Type: SEQUENCE SET; Schema: public; Owner: postgres
--

SELECT pg_catalog.setval('public.payments_user_wallet_id_seq', 23, true);


--
-- Name: paypal_ipn_id_seq; Type: SEQUENCE SET; Schema: public; Owner: postgres
--

SELECT pg_catalog.setval('public.paypal_ipn_id_seq', 1, false);


--
-- Name: provider_provider_details_id_seq; Type: SEQUENCE SET; Schema: public; Owner: postgres
--

SELECT pg_catalog.setval('public.provider_provider_details_id_seq', 4, true);


--
-- Name: user_customuser_groups_id_seq; Type: SEQUENCE SET; Schema: public; Owner: postgres
--

SELECT pg_catalog.setval('public.user_customuser_groups_id_seq', 1, false);


--
-- Name: user_customuser_id_seq; Type: SEQUENCE SET; Schema: public; Owner: postgres
--

SELECT pg_catalog.setval('public.user_customuser_id_seq', 34, true);


--
-- Name: user_customuser_user_permissions_id_seq; Type: SEQUENCE SET; Schema: public; Owner: postgres
--

SELECT pg_catalog.setval('public.user_customuser_user_permissions_id_seq', 1, false);


--
-- Name: user_useraddress_id_seq; Type: SEQUENCE SET; Schema: public; Owner: postgres
--

SELECT pg_catalog.setval('public.user_useraddress_id_seq', 51, true);


--
-- Name: adminPanel_categories adminPanel_categories_Name_key; Type: CONSTRAINT; Schema: public; Owner: postgres
--

ALTER TABLE ONLY public."adminPanel_categories"
    ADD CONSTRAINT "adminPanel_categories_Name_key" UNIQUE ("Name");


--
-- Name: adminPanel_categories adminPanel_categories_pkey; Type: CONSTRAINT; Schema: public; Owner: postgres
--

ALTER TABLE ONLY public."adminPanel_categories"
    ADD CONSTRAINT "adminPanel_categories_pkey" PRIMARY KEY (id);


--
-- Name: adminPanel_categoryoffer adminPanel_categoryoffer_pkey; Type: CONSTRAINT; Schema: public; Owner: postgres
--

ALTER TABLE ONLY public."adminPanel_categoryoffer"
    ADD CONSTRAINT "adminPanel_categoryoffer_pkey" PRIMARY KEY (id);


--
-- Name: adminPanel_coupons adminPanel_coupons_pkey; Type: CONSTRAINT; Schema: public; Owner: postgres
--

ALTER TABLE ONLY public."adminPanel_coupons"
    ADD CONSTRAINT "adminPanel_coupons_pkey" PRIMARY KEY (id);


--
-- Name: adminPanel_multipleimage adminPanel_multipleimage_pkey; Type: CONSTRAINT; Schema: public; Owner: postgres
--

ALTER TABLE ONLY public."adminPanel_multipleimage"
    ADD CONSTRAINT "adminPanel_multipleimage_pkey" PRIMARY KEY (id);


--
-- Name: adminPanel_product adminPanel_product_pkey; Type: CONSTRAINT; Schema: public; Owner: postgres
--

ALTER TABLE ONLY public."adminPanel_product"
    ADD CONSTRAINT "adminPanel_product_pkey" PRIMARY KEY (id);


--
-- Name: adminPanel_productoffer adminPanel_productoffer_pkey; Type: CONSTRAINT; Schema: public; Owner: postgres
--

ALTER TABLE ONLY public."adminPanel_productoffer"
    ADD CONSTRAINT "adminPanel_productoffer_pkey" PRIMARY KEY (id);


--
-- Name: auth_group auth_group_name_key; Type: CONSTRAINT; Schema: public; Owner: postgres
--

ALTER TABLE ONLY public.auth_group
    ADD CONSTRAINT auth_group_name_key UNIQUE (name);


--
-- Name: auth_group_permissions auth_group_permissions_group_id_permission_id_0cd325b0_uniq; Type: CONSTRAINT; Schema: public; Owner: postgres
--

ALTER TABLE ONLY public.auth_group_permissions
    ADD CONSTRAINT auth_group_permissions_group_id_permission_id_0cd325b0_uniq UNIQUE (group_id, permission_id);


--
-- Name: auth_group_permissions auth_group_permissions_pkey; Type: CONSTRAINT; Schema: public; Owner: postgres
--

ALTER TABLE ONLY public.auth_group_permissions
    ADD CONSTRAINT auth_group_permissions_pkey PRIMARY KEY (id);


--
-- Name: auth_group auth_group_pkey; Type: CONSTRAINT; Schema: public; Owner: postgres
--

ALTER TABLE ONLY public.auth_group
    ADD CONSTRAINT auth_group_pkey PRIMARY KEY (id);


--
-- Name: auth_permission auth_permission_content_type_id_codename_01ab375a_uniq; Type: CONSTRAINT; Schema: public; Owner: postgres
--

ALTER TABLE ONLY public.auth_permission
    ADD CONSTRAINT auth_permission_content_type_id_codename_01ab375a_uniq UNIQUE (content_type_id, codename);


--
-- Name: auth_permission auth_permission_pkey; Type: CONSTRAINT; Schema: public; Owner: postgres
--

ALTER TABLE ONLY public.auth_permission
    ADD CONSTRAINT auth_permission_pkey PRIMARY KEY (id);


--
-- Name: cart_cart cart_cart_pkey; Type: CONSTRAINT; Schema: public; Owner: postgres
--

ALTER TABLE ONLY public.cart_cart
    ADD CONSTRAINT cart_cart_pkey PRIMARY KEY (id);


--
-- Name: django_admin_log django_admin_log_pkey; Type: CONSTRAINT; Schema: public; Owner: postgres
--

ALTER TABLE ONLY public.django_admin_log
    ADD CONSTRAINT django_admin_log_pkey PRIMARY KEY (id);


--
-- Name: django_content_type django_content_type_app_label_model_76bd3d3b_uniq; Type: CONSTRAINT; Schema: public; Owner: postgres
--

ALTER TABLE ONLY public.django_content_type
    ADD CONSTRAINT django_content_type_app_label_model_76bd3d3b_uniq UNIQUE (app_label, model);


--
-- Name: django_content_type django_content_type_pkey; Type: CONSTRAINT; Schema: public; Owner: postgres
--

ALTER TABLE ONLY public.django_content_type
    ADD CONSTRAINT django_content_type_pkey PRIMARY KEY (id);


--
-- Name: django_migrations django_migrations_pkey; Type: CONSTRAINT; Schema: public; Owner: postgres
--

ALTER TABLE ONLY public.django_migrations
    ADD CONSTRAINT django_migrations_pkey PRIMARY KEY (id);


--
-- Name: django_session django_session_pkey; Type: CONSTRAINT; Schema: public; Owner: postgres
--

ALTER TABLE ONLY public.django_session
    ADD CONSTRAINT django_session_pkey PRIMARY KEY (session_key);


--
-- Name: order_order order_order_coupon_id_key; Type: CONSTRAINT; Schema: public; Owner: postgres
--

ALTER TABLE ONLY public.order_order
    ADD CONSTRAINT order_order_coupon_id_key UNIQUE (coupon_id);


--
-- Name: order_order order_order_pkey; Type: CONSTRAINT; Schema: public; Owner: postgres
--

ALTER TABLE ONLY public.order_order
    ADD CONSTRAINT order_order_pkey PRIMARY KEY (id);


--
-- Name: payments_user_wallet payments_user_wallet_pkey; Type: CONSTRAINT; Schema: public; Owner: postgres
--

ALTER TABLE ONLY public.payments_user_wallet
    ADD CONSTRAINT payments_user_wallet_pkey PRIMARY KEY (id);


--
-- Name: paypal_ipn paypal_ipn_pkey; Type: CONSTRAINT; Schema: public; Owner: postgres
--

ALTER TABLE ONLY public.paypal_ipn
    ADD CONSTRAINT paypal_ipn_pkey PRIMARY KEY (id);


--
-- Name: provider_provider_credentials provider_provider_details_pkey; Type: CONSTRAINT; Schema: public; Owner: postgres
--

ALTER TABLE ONLY public.provider_provider_credentials
    ADD CONSTRAINT provider_provider_details_pkey PRIMARY KEY (id);


--
-- Name: user_customuser user_customuser_email_key; Type: CONSTRAINT; Schema: public; Owner: postgres
--

ALTER TABLE ONLY public.user_customuser
    ADD CONSTRAINT user_customuser_email_key UNIQUE (email);


--
-- Name: user_customuser_groups user_customuser_groups_customuser_id_group_id_e0a2f621_uniq; Type: CONSTRAINT; Schema: public; Owner: postgres
--

ALTER TABLE ONLY public.user_customuser_groups
    ADD CONSTRAINT user_customuser_groups_customuser_id_group_id_e0a2f621_uniq UNIQUE (customuser_id, group_id);


--
-- Name: user_customuser_groups user_customuser_groups_pkey; Type: CONSTRAINT; Schema: public; Owner: postgres
--

ALTER TABLE ONLY public.user_customuser_groups
    ADD CONSTRAINT user_customuser_groups_pkey PRIMARY KEY (id);


--
-- Name: user_customuser user_customuser_pkey; Type: CONSTRAINT; Schema: public; Owner: postgres
--

ALTER TABLE ONLY public.user_customuser
    ADD CONSTRAINT user_customuser_pkey PRIMARY KEY (id);


--
-- Name: user_customuser user_customuser_referral_code_key; Type: CONSTRAINT; Schema: public; Owner: postgres
--

ALTER TABLE ONLY public.user_customuser
    ADD CONSTRAINT user_customuser_referral_code_key UNIQUE (referral_code);


--
-- Name: user_customuser_user_permissions user_customuser_user_per_customuser_id_permission_a5da865d_uniq; Type: CONSTRAINT; Schema: public; Owner: postgres
--

ALTER TABLE ONLY public.user_customuser_user_permissions
    ADD CONSTRAINT user_customuser_user_per_customuser_id_permission_a5da865d_uniq UNIQUE (customuser_id, permission_id);


--
-- Name: user_customuser_user_permissions user_customuser_user_permissions_pkey; Type: CONSTRAINT; Schema: public; Owner: postgres
--

ALTER TABLE ONLY public.user_customuser_user_permissions
    ADD CONSTRAINT user_customuser_user_permissions_pkey PRIMARY KEY (id);


--
-- Name: user_useraddress user_useraddress_pkey; Type: CONSTRAINT; Schema: public; Owner: postgres
--

ALTER TABLE ONLY public.user_useraddress
    ADD CONSTRAINT user_useraddress_pkey PRIMARY KEY (id);


--
-- Name: adminPanel_categories_Name_8e041293_like; Type: INDEX; Schema: public; Owner: postgres
--

CREATE INDEX "adminPanel_categories_Name_8e041293_like" ON public."adminPanel_categories" USING btree ("Name" varchar_pattern_ops);


--
-- Name: adminPanel_categoryoffer_category_id_e25c5160; Type: INDEX; Schema: public; Owner: postgres
--

CREATE INDEX "adminPanel_categoryoffer_category_id_e25c5160" ON public."adminPanel_categoryoffer" USING btree (category_id);


--
-- Name: adminPanel_multipleimage_product_id_038253a7; Type: INDEX; Schema: public; Owner: postgres
--

CREATE INDEX "adminPanel_multipleimage_product_id_038253a7" ON public."adminPanel_multipleimage" USING btree (product_id);


--
-- Name: adminPanel_product_category_id_f98a20a9; Type: INDEX; Schema: public; Owner: postgres
--

CREATE INDEX "adminPanel_product_category_id_f98a20a9" ON public."adminPanel_product" USING btree (category_id);


--
-- Name: adminPanel_product_user_id_8ca477ac; Type: INDEX; Schema: public; Owner: postgres
--

CREATE INDEX "adminPanel_product_user_id_8ca477ac" ON public."adminPanel_product" USING btree (user_id);


--
-- Name: adminPanel_productoffer_product_id_58c0609b; Type: INDEX; Schema: public; Owner: postgres
--

CREATE INDEX "adminPanel_productoffer_product_id_58c0609b" ON public."adminPanel_productoffer" USING btree (product_id);


--
-- Name: auth_group_name_a6ea08ec_like; Type: INDEX; Schema: public; Owner: postgres
--

CREATE INDEX auth_group_name_a6ea08ec_like ON public.auth_group USING btree (name varchar_pattern_ops);


--
-- Name: auth_group_permissions_group_id_b120cbf9; Type: INDEX; Schema: public; Owner: postgres
--

CREATE INDEX auth_group_permissions_group_id_b120cbf9 ON public.auth_group_permissions USING btree (group_id);


--
-- Name: auth_group_permissions_permission_id_84c5c92e; Type: INDEX; Schema: public; Owner: postgres
--

CREATE INDEX auth_group_permissions_permission_id_84c5c92e ON public.auth_group_permissions USING btree (permission_id);


--
-- Name: auth_permission_content_type_id_2f476e4b; Type: INDEX; Schema: public; Owner: postgres
--

CREATE INDEX auth_permission_content_type_id_2f476e4b ON public.auth_permission USING btree (content_type_id);


--
-- Name: cart_cart_product_id_b5f94649; Type: INDEX; Schema: public; Owner: postgres
--

CREATE INDEX cart_cart_product_id_b5f94649 ON public.cart_cart USING btree (product_id);


--
-- Name: cart_cart_user_id_9b4220b9; Type: INDEX; Schema: public; Owner: postgres
--

CREATE INDEX cart_cart_user_id_9b4220b9 ON public.cart_cart USING btree (user_id);


--
-- Name: django_admin_log_content_type_id_c4bce8eb; Type: INDEX; Schema: public; Owner: postgres
--

CREATE INDEX django_admin_log_content_type_id_c4bce8eb ON public.django_admin_log USING btree (content_type_id);


--
-- Name: django_admin_log_user_id_c564eba6; Type: INDEX; Schema: public; Owner: postgres
--

CREATE INDEX django_admin_log_user_id_c564eba6 ON public.django_admin_log USING btree (user_id);


--
-- Name: django_session_expire_date_a5c62663; Type: INDEX; Schema: public; Owner: postgres
--

CREATE INDEX django_session_expire_date_a5c62663 ON public.django_session USING btree (expire_date);


--
-- Name: django_session_session_key_c0390e0f_like; Type: INDEX; Schema: public; Owner: postgres
--

CREATE INDEX django_session_session_key_c0390e0f_like ON public.django_session USING btree (session_key varchar_pattern_ops);


--
-- Name: order_order_address_id_f6eb43ad; Type: INDEX; Schema: public; Owner: postgres
--

CREATE INDEX order_order_address_id_f6eb43ad ON public.order_order USING btree (address_id);


--
-- Name: order_order_product_id_fb1319ca; Type: INDEX; Schema: public; Owner: postgres
--

CREATE INDEX order_order_product_id_fb1319ca ON public.order_order USING btree (product_id);


--
-- Name: order_order_user_id_7cf9bc2b; Type: INDEX; Schema: public; Owner: postgres
--

CREATE INDEX order_order_user_id_7cf9bc2b ON public.order_order USING btree (user_id);


--
-- Name: payments_user_wallet_user_id_682dc1f9; Type: INDEX; Schema: public; Owner: postgres
--

CREATE INDEX payments_user_wallet_user_id_682dc1f9 ON public.payments_user_wallet USING btree (user_id);


--
-- Name: paypal_ipn_txn_id_8fa22c44; Type: INDEX; Schema: public; Owner: postgres
--

CREATE INDEX paypal_ipn_txn_id_8fa22c44 ON public.paypal_ipn USING btree (txn_id);


--
-- Name: paypal_ipn_txn_id_8fa22c44_like; Type: INDEX; Schema: public; Owner: postgres
--

CREATE INDEX paypal_ipn_txn_id_8fa22c44_like ON public.paypal_ipn USING btree (txn_id varchar_pattern_ops);


--
-- Name: provider_provider_details_provier_id_eca51f31; Type: INDEX; Schema: public; Owner: postgres
--

CREATE INDEX provider_provider_details_provier_id_eca51f31 ON public.provider_provider_credentials USING btree (provider_id);


--
-- Name: user_customuser_email_2292cf6d_like; Type: INDEX; Schema: public; Owner: postgres
--

CREATE INDEX user_customuser_email_2292cf6d_like ON public.user_customuser USING btree (email varchar_pattern_ops);


--
-- Name: user_customuser_groups_customuser_id_192632a7; Type: INDEX; Schema: public; Owner: postgres
--

CREATE INDEX user_customuser_groups_customuser_id_192632a7 ON public.user_customuser_groups USING btree (customuser_id);


--
-- Name: user_customuser_groups_group_id_bcbc9e48; Type: INDEX; Schema: public; Owner: postgres
--

CREATE INDEX user_customuser_groups_group_id_bcbc9e48 ON public.user_customuser_groups USING btree (group_id);


--
-- Name: user_customuser_referral_code_c4237fb8_like; Type: INDEX; Schema: public; Owner: postgres
--

CREATE INDEX user_customuser_referral_code_c4237fb8_like ON public.user_customuser USING btree (referral_code varchar_pattern_ops);


--
-- Name: user_customuser_referrer_id_a9585d57; Type: INDEX; Schema: public; Owner: postgres
--

CREATE INDEX user_customuser_referrer_id_a9585d57 ON public.user_customuser USING btree (referrer_id);


--
-- Name: user_customuser_user_permissions_customuser_id_4552d9cc; Type: INDEX; Schema: public; Owner: postgres
--

CREATE INDEX user_customuser_user_permissions_customuser_id_4552d9cc ON public.user_customuser_user_permissions USING btree (customuser_id);


--
-- Name: user_customuser_user_permissions_permission_id_e57e8b9a; Type: INDEX; Schema: public; Owner: postgres
--

CREATE INDEX user_customuser_user_permissions_permission_id_e57e8b9a ON public.user_customuser_user_permissions USING btree (permission_id);


--
-- Name: user_useraddress_user_id_c23aded4; Type: INDEX; Schema: public; Owner: postgres
--

CREATE INDEX user_useraddress_user_id_c23aded4 ON public.user_useraddress USING btree (user_id);


--
-- Name: adminPanel_categoryoffer adminPanel_categoryo_category_id_e25c5160_fk_adminPane; Type: FK CONSTRAINT; Schema: public; Owner: postgres
--

ALTER TABLE ONLY public."adminPanel_categoryoffer"
    ADD CONSTRAINT "adminPanel_categoryo_category_id_e25c5160_fk_adminPane" FOREIGN KEY (category_id) REFERENCES public."adminPanel_categories"(id) DEFERRABLE INITIALLY DEFERRED;


--
-- Name: adminPanel_multipleimage adminPanel_multiplei_product_id_038253a7_fk_adminPane; Type: FK CONSTRAINT; Schema: public; Owner: postgres
--

ALTER TABLE ONLY public."adminPanel_multipleimage"
    ADD CONSTRAINT "adminPanel_multiplei_product_id_038253a7_fk_adminPane" FOREIGN KEY (product_id) REFERENCES public."adminPanel_product"(id) DEFERRABLE INITIALLY DEFERRED;


--
-- Name: adminPanel_product adminPanel_product_category_id_f98a20a9_fk_adminPane; Type: FK CONSTRAINT; Schema: public; Owner: postgres
--

ALTER TABLE ONLY public."adminPanel_product"
    ADD CONSTRAINT "adminPanel_product_category_id_f98a20a9_fk_adminPane" FOREIGN KEY (category_id) REFERENCES public."adminPanel_categories"(id) DEFERRABLE INITIALLY DEFERRED;


--
-- Name: adminPanel_product adminPanel_product_user_id_8ca477ac_fk_user_customuser_id; Type: FK CONSTRAINT; Schema: public; Owner: postgres
--

ALTER TABLE ONLY public."adminPanel_product"
    ADD CONSTRAINT "adminPanel_product_user_id_8ca477ac_fk_user_customuser_id" FOREIGN KEY (user_id) REFERENCES public.user_customuser(id) DEFERRABLE INITIALLY DEFERRED;


--
-- Name: adminPanel_productoffer adminPanel_productof_product_id_58c0609b_fk_adminPane; Type: FK CONSTRAINT; Schema: public; Owner: postgres
--

ALTER TABLE ONLY public."adminPanel_productoffer"
    ADD CONSTRAINT "adminPanel_productof_product_id_58c0609b_fk_adminPane" FOREIGN KEY (product_id) REFERENCES public."adminPanel_product"(id) DEFERRABLE INITIALLY DEFERRED;


--
-- Name: auth_group_permissions auth_group_permissio_permission_id_84c5c92e_fk_auth_perm; Type: FK CONSTRAINT; Schema: public; Owner: postgres
--

ALTER TABLE ONLY public.auth_group_permissions
    ADD CONSTRAINT auth_group_permissio_permission_id_84c5c92e_fk_auth_perm FOREIGN KEY (permission_id) REFERENCES public.auth_permission(id) DEFERRABLE INITIALLY DEFERRED;


--
-- Name: auth_group_permissions auth_group_permissions_group_id_b120cbf9_fk_auth_group_id; Type: FK CONSTRAINT; Schema: public; Owner: postgres
--

ALTER TABLE ONLY public.auth_group_permissions
    ADD CONSTRAINT auth_group_permissions_group_id_b120cbf9_fk_auth_group_id FOREIGN KEY (group_id) REFERENCES public.auth_group(id) DEFERRABLE INITIALLY DEFERRED;


--
-- Name: auth_permission auth_permission_content_type_id_2f476e4b_fk_django_co; Type: FK CONSTRAINT; Schema: public; Owner: postgres
--

ALTER TABLE ONLY public.auth_permission
    ADD CONSTRAINT auth_permission_content_type_id_2f476e4b_fk_django_co FOREIGN KEY (content_type_id) REFERENCES public.django_content_type(id) DEFERRABLE INITIALLY DEFERRED;


--
-- Name: cart_cart cart_cart_product_id_b5f94649_fk_adminPanel_product_id; Type: FK CONSTRAINT; Schema: public; Owner: postgres
--

ALTER TABLE ONLY public.cart_cart
    ADD CONSTRAINT "cart_cart_product_id_b5f94649_fk_adminPanel_product_id" FOREIGN KEY (product_id) REFERENCES public."adminPanel_product"(id) DEFERRABLE INITIALLY DEFERRED;


--
-- Name: cart_cart cart_cart_user_id_9b4220b9_fk_user_customuser_id; Type: FK CONSTRAINT; Schema: public; Owner: postgres
--

ALTER TABLE ONLY public.cart_cart
    ADD CONSTRAINT cart_cart_user_id_9b4220b9_fk_user_customuser_id FOREIGN KEY (user_id) REFERENCES public.user_customuser(id) DEFERRABLE INITIALLY DEFERRED;


--
-- Name: django_admin_log django_admin_log_content_type_id_c4bce8eb_fk_django_co; Type: FK CONSTRAINT; Schema: public; Owner: postgres
--

ALTER TABLE ONLY public.django_admin_log
    ADD CONSTRAINT django_admin_log_content_type_id_c4bce8eb_fk_django_co FOREIGN KEY (content_type_id) REFERENCES public.django_content_type(id) DEFERRABLE INITIALLY DEFERRED;


--
-- Name: django_admin_log django_admin_log_user_id_c564eba6_fk_user_customuser_id; Type: FK CONSTRAINT; Schema: public; Owner: postgres
--

ALTER TABLE ONLY public.django_admin_log
    ADD CONSTRAINT django_admin_log_user_id_c564eba6_fk_user_customuser_id FOREIGN KEY (user_id) REFERENCES public.user_customuser(id) DEFERRABLE INITIALLY DEFERRED;


--
-- Name: order_order order_order_address_id_f6eb43ad_fk_user_useraddress_id; Type: FK CONSTRAINT; Schema: public; Owner: postgres
--

ALTER TABLE ONLY public.order_order
    ADD CONSTRAINT order_order_address_id_f6eb43ad_fk_user_useraddress_id FOREIGN KEY (address_id) REFERENCES public.user_useraddress(id) DEFERRABLE INITIALLY DEFERRED;


--
-- Name: order_order order_order_coupon_id_dc594905_fk_adminPanel_coupons_id; Type: FK CONSTRAINT; Schema: public; Owner: postgres
--

ALTER TABLE ONLY public.order_order
    ADD CONSTRAINT "order_order_coupon_id_dc594905_fk_adminPanel_coupons_id" FOREIGN KEY (coupon_id) REFERENCES public."adminPanel_coupons"(id) DEFERRABLE INITIALLY DEFERRED;


--
-- Name: order_order order_order_product_id_fb1319ca_fk_adminPanel_product_id; Type: FK CONSTRAINT; Schema: public; Owner: postgres
--

ALTER TABLE ONLY public.order_order
    ADD CONSTRAINT "order_order_product_id_fb1319ca_fk_adminPanel_product_id" FOREIGN KEY (product_id) REFERENCES public."adminPanel_product"(id) DEFERRABLE INITIALLY DEFERRED;


--
-- Name: order_order order_order_user_id_7cf9bc2b_fk_user_customuser_id; Type: FK CONSTRAINT; Schema: public; Owner: postgres
--

ALTER TABLE ONLY public.order_order
    ADD CONSTRAINT order_order_user_id_7cf9bc2b_fk_user_customuser_id FOREIGN KEY (user_id) REFERENCES public.user_customuser(id) DEFERRABLE INITIALLY DEFERRED;


--
-- Name: payments_user_wallet payments_user_wallet_user_id_682dc1f9_fk_user_customuser_id; Type: FK CONSTRAINT; Schema: public; Owner: postgres
--

ALTER TABLE ONLY public.payments_user_wallet
    ADD CONSTRAINT payments_user_wallet_user_id_682dc1f9_fk_user_customuser_id FOREIGN KEY (user_id) REFERENCES public.user_customuser(id) DEFERRABLE INITIALLY DEFERRED;


--
-- Name: provider_provider_credentials provider_provider_cr_provider_id_f8a00314_fk_user_cust; Type: FK CONSTRAINT; Schema: public; Owner: postgres
--

ALTER TABLE ONLY public.provider_provider_credentials
    ADD CONSTRAINT provider_provider_cr_provider_id_f8a00314_fk_user_cust FOREIGN KEY (provider_id) REFERENCES public.user_customuser(id) DEFERRABLE INITIALLY DEFERRED;


--
-- Name: user_customuser_groups user_customuser_grou_customuser_id_192632a7_fk_user_cust; Type: FK CONSTRAINT; Schema: public; Owner: postgres
--

ALTER TABLE ONLY public.user_customuser_groups
    ADD CONSTRAINT user_customuser_grou_customuser_id_192632a7_fk_user_cust FOREIGN KEY (customuser_id) REFERENCES public.user_customuser(id) DEFERRABLE INITIALLY DEFERRED;


--
-- Name: user_customuser_groups user_customuser_groups_group_id_bcbc9e48_fk_auth_group_id; Type: FK CONSTRAINT; Schema: public; Owner: postgres
--

ALTER TABLE ONLY public.user_customuser_groups
    ADD CONSTRAINT user_customuser_groups_group_id_bcbc9e48_fk_auth_group_id FOREIGN KEY (group_id) REFERENCES public.auth_group(id) DEFERRABLE INITIALLY DEFERRED;


--
-- Name: user_customuser user_customuser_referrer_id_a9585d57_fk_user_customuser_id; Type: FK CONSTRAINT; Schema: public; Owner: postgres
--

ALTER TABLE ONLY public.user_customuser
    ADD CONSTRAINT user_customuser_referrer_id_a9585d57_fk_user_customuser_id FOREIGN KEY (referrer_id) REFERENCES public.user_customuser(id) DEFERRABLE INITIALLY DEFERRED;


--
-- Name: user_customuser_user_permissions user_customuser_user_customuser_id_4552d9cc_fk_user_cust; Type: FK CONSTRAINT; Schema: public; Owner: postgres
--

ALTER TABLE ONLY public.user_customuser_user_permissions
    ADD CONSTRAINT user_customuser_user_customuser_id_4552d9cc_fk_user_cust FOREIGN KEY (customuser_id) REFERENCES public.user_customuser(id) DEFERRABLE INITIALLY DEFERRED;


--
-- Name: user_customuser_user_permissions user_customuser_user_permission_id_e57e8b9a_fk_auth_perm; Type: FK CONSTRAINT; Schema: public; Owner: postgres
--

ALTER TABLE ONLY public.user_customuser_user_permissions
    ADD CONSTRAINT user_customuser_user_permission_id_e57e8b9a_fk_auth_perm FOREIGN KEY (permission_id) REFERENCES public.auth_permission(id) DEFERRABLE INITIALLY DEFERRED;


--
-- Name: user_useraddress user_useraddress_user_id_c23aded4_fk_user_customuser_id; Type: FK CONSTRAINT; Schema: public; Owner: postgres
--

ALTER TABLE ONLY public.user_useraddress
    ADD CONSTRAINT user_useraddress_user_id_c23aded4_fk_user_customuser_id FOREIGN KEY (user_id) REFERENCES public.user_customuser(id) DEFERRABLE INITIALLY DEFERRED;


--
-- PostgreSQL database dump complete
--

