[{"model": "admin.logentry", "pk": 1, "fields": {"action_time": "2023-12-17T20:54:40.461Z", "user": 1, "content_type": 8, "object_id": "1", "object_repr": "Categories object (1)", "action_flag": 1, "change_message": "[{\"added\": {}}]"}}, {"model": "admin.logentry", "pk": 2, "fields": {"action_time": "2023-12-17T20:55:15.723Z", "user": 1, "content_type": 9, "object_id": "1", "object_repr": "War and Peace", "action_flag": 1, "change_message": "[{\"added\": {}}]"}}, {"model": "admin.logentry", "pk": 3, "fields": {"action_time": "2023-12-18T04:28:17.922Z", "user": 1, "content_type": 9, "object_id": "2", "object_repr": "God of small things", "action_flag": 1, "change_message": "[{\"added\": {}}]"}}, {"model": "admin.logentry", "pk": 4, "fields": {"action_time": "2023-12-18T04:57:44.599Z", "user": 1, "content_type": 9, "object_id": "3", "object_repr": "Wings of Fire", "action_flag": 1, "change_message": "[{\"added\": {}}]"}}, {"model": "admin.logentry", "pk": 5, "fields": {"action_time": "2023-12-18T05:00:01.381Z", "user": 1, "content_type": 8, "object_id": "2", "object_repr": "Laptop", "action_flag": 1, "change_message": "[{\"added\": {}}]"}}, {"model": "admin.logentry", "pk": 6, "fields": {"action_time": "2023-12-18T05:00:57.564Z", "user": 1, "content_type": 9, "object_id": "4", "object_repr": "Asus i5 laptop", "action_flag": 1, "change_message": "[{\"added\": {}}]"}}, {"model": "admin.logentry", "pk": 7, "fields": {"action_time": "2023-12-18T10:16:39.418Z", "user": 1, "content_type": 9, "object_id": "5", "object_repr": "hp laptop", "action_flag": 1, "change_message": "[{\"added\": {}}]"}}, {"model": "admin.logentry", "pk": 8, "fields": {"action_time": "2023-12-18T17:31:21.956Z", "user": 1, "content_type": 9, "object_id": "3", "object_repr": "Wings of Fire", "action_flag": 2, "change_message": "[{\"changed\": {\"fields\": [\"Image\"]}}]"}}, {"model": "admin.logentry", "pk": 9, "fields": {"action_time": "2023-12-18T17:31:34.825Z", "user": 1, "content_type": 9, "object_id": "2", "object_repr": "God of small things", "action_flag": 2, "change_message": "[{\"changed\": {\"fields\": [\"Image\"]}}]"}}, {"model": "admin.logentry", "pk": 10, "fields": {"action_time": "2023-12-18T17:31:46.970Z", "user": 1, "content_type": 9, "object_id": "1", "object_repr": "War and Peace", "action_flag": 2, "change_message": "[{\"changed\": {\"fields\": [\"Image\"]}}]"}}, {"model": "admin.logentry", "pk": 11, "fields": {"action_time": "2023-12-18T17:54:45.916Z", "user": 1, "content_type": 9, "object_id": "4", "object_repr": "Asus i5 laptop", "action_flag": 2, "change_message": "[{\"changed\": {\"fields\": [\"Image\"]}}]"}}, {"model": "admin.logentry", "pk": 12, "fields": {"action_time": "2023-12-20T03:29:06.047Z", "user": 1, "content_type": 7, "object_id": "2", "object_repr": "gnairju@gmail.com", "action_flag": 3, "change_message": ""}}, {"model": "admin.logentry", "pk": 13, "fields": {"action_time": "2023-12-20T04:18:36.295Z", "user": 1, "content_type": 9, "object_id": "6", "object_repr": "War and Peace", "action_flag": 1, "change_message": "[{\"added\": {}}]"}}, {"model": "admin.logentry", "pk": 14, "fields": {"action_time": "2023-12-20T09:29:24.773Z", "user": 1, "content_type": 9, "object_id": "8", "object_repr": "God of small things", "action_flag": 2, "change_message": "[{\"changed\": {\"fields\": [\"User\"]}}]"}}, {"model": "admin.logentry", "pk": 15, "fields": {"action_time": "2023-12-20T09:39:05.845Z", "user": 1, "content_type": 9, "object_id": "8", "object_repr": "God of small things", "action_flag": 3, "change_message": ""}}, {"model": "admin.logentry", "pk": 16, "fields": {"action_time": "2023-12-20T09:51:16.073Z", "user": 1, "content_type": 9, "object_id": "7", "object_repr": "Wings of Fire", "action_flag": 3, "change_message": ""}}, {"model": "admin.logentry", "pk": 17, "fields": {"action_time": "2023-12-20T09:51:42.488Z", "user": 1, "content_type": 9, "object_id": "9", "object_repr": "God of small things", "action_flag": 3, "change_message": ""}}, {"model": "admin.logentry", "pk": 18, "fields": {"action_time": "2023-12-20T09:51:42.540Z", "user": 1, "content_type": 9, "object_id": "6", "object_repr": "War and Peace", "action_flag": 3, "change_message": ""}}, {"model": "admin.logentry", "pk": 19, "fields": {"action_time": "2023-12-20T09:51:42.554Z", "user": 1, "content_type": 9, "object_id": "5", "object_repr": "hp laptop", "action_flag": 3, "change_message": ""}}, {"model": "admin.logentry", "pk": 20, "fields": {"action_time": "2023-12-20T09:51:42.560Z", "user": 1, "content_type": 9, "object_id": "4", "object_repr": "Asus i5 laptop", "action_flag": 3, "change_message": ""}}, {"model": "admin.logentry", "pk": 21, "fields": {"action_time": "2023-12-21T06:56:34.587Z", "user": 1, "content_type": 7, "object_id": "9", "object_repr": "anilkumarmeghna20@gmail.com", "action_flag": 3, "change_message": ""}}, {"model": "admin.logentry", "pk": 22, "fields": {"action_time": "2023-12-21T12:20:15.003Z", "user": 1, "content_type": 7, "object_id": "3", "object_repr": "prajunvelandi@gmail.com", "action_flag": 2, "change_message": "[{\"changed\": {\"fields\": [\"Is active\"]}}]"}}, {"model": "admin.logentry", "pk": 23, "fields": {"action_time": "2023-12-22T05:17:54.350Z", "user": 1, "content_type": 10, "object_id": "1", "object_repr": "Hp laptop", "action_flag": 1, "change_message": "[{\"added\": {}}]"}}, {"model": "admin.logentry", "pk": 24, "fields": {"action_time": "2023-12-22T07:31:23.411Z", "user": 1, "content_type": 7, "object_id": "10", "object_repr": "anilkumarmeghna20@gmail.com", "action_flag": 3, "change_message": ""}}, {"model": "admin.logentry", "pk": 25, "fields": {"action_time": "2023-12-22T08:38:21.597Z", "user": 1, "content_type": 7, "object_id": "8", "object_repr": "meghnaanil98@gmail.com", "action_flag": 3, "change_message": ""}}, {"model": "admin.logentry", "pk": 26, "fields": {"action_time": "2023-12-22T20:12:14.328Z", "user": 1, "content_type": 9, "object_id": "22", "object_repr": "Atomic Habits", "action_flag": 3, "change_message": ""}}, {"model": "admin.logentry", "pk": 27, "fields": {"action_time": "2023-12-26T03:37:56.532Z", "user": 1, "content_type": 11, "object_id": "31", "object_repr": "cart object (31)", "action_flag": 2, "change_message": "[]"}}, {"model": "admin.logentry", "pk": 28, "fields": {"action_time": "2023-12-26T04:17:30.703Z", "user": 1, "content_type": 11, "object_id": "45", "object_repr": "cart object (45)", "action_flag": 3, "change_message": ""}}, {"model": "admin.logentry", "pk": 29, "fields": {"action_time": "2023-12-26T04:17:30.987Z", "user": 1, "content_type": 11, "object_id": "44", "object_repr": "cart object (44)", "action_flag": 3, "change_message": ""}}, {"model": "admin.logentry", "pk": 30, "fields": {"action_time": "2023-12-26T04:17:31.488Z", "user": 1, "content_type": 11, "object_id": "43", "object_repr": "cart object (43)", "action_flag": 3, "change_message": ""}}, {"model": "admin.logentry", "pk": 31, "fields": {"action_time": "2023-12-26T04:17:31.684Z", "user": 1, "content_type": 11, "object_id": "42", "object_repr": "cart object (42)", "action_flag": 3, "change_message": ""}}, {"model": "admin.logentry", "pk": 32, "fields": {"action_time": "2023-12-26T04:17:31.827Z", "user": 1, "content_type": 11, "object_id": "41", "object_repr": "cart object (41)", "action_flag": 3, "change_message": ""}}, {"model": "admin.logentry", "pk": 33, "fields": {"action_time": "2023-12-26T04:17:32.070Z", "user": 1, "content_type": 11, "object_id": "40", "object_repr": "cart object (40)", "action_flag": 3, "change_message": ""}}, {"model": "admin.logentry", "pk": 34, "fields": {"action_time": "2023-12-26T04:17:32.393Z", "user": 1, "content_type": 11, "object_id": "39", "object_repr": "cart object (39)", "action_flag": 3, "change_message": ""}}, {"model": "admin.logentry", "pk": 35, "fields": {"action_time": "2023-12-26T04:17:32.671Z", "user": 1, "content_type": 11, "object_id": "38", "object_repr": "cart object (38)", "action_flag": 3, "change_message": ""}}, {"model": "admin.logentry", "pk": 36, "fields": {"action_time": "2023-12-26T04:17:33.014Z", "user": 1, "content_type": 11, "object_id": "37", "object_repr": "cart object (37)", "action_flag": 3, "change_message": ""}}, {"model": "admin.logentry", "pk": 37, "fields": {"action_time": "2023-12-26T04:17:33.236Z", "user": 1, "content_type": 11, "object_id": "36", "object_repr": "cart object (36)", "action_flag": 3, "change_message": ""}}, {"model": "admin.logentry", "pk": 38, "fields": {"action_time": "2023-12-26T04:17:33.577Z", "user": 1, "content_type": 11, "object_id": "35", "object_repr": "cart object (35)", "action_flag": 3, "change_message": ""}}, {"model": "admin.logentry", "pk": 39, "fields": {"action_time": "2023-12-26T04:17:33.771Z", "user": 1, "content_type": 11, "object_id": "34", "object_repr": "cart object (34)", "action_flag": 3, "change_message": ""}}, {"model": "admin.logentry", "pk": 40, "fields": {"action_time": "2023-12-26T04:17:33.886Z", "user": 1, "content_type": 11, "object_id": "33", "object_repr": "cart object (33)", "action_flag": 3, "change_message": ""}}, {"model": "admin.logentry", "pk": 41, "fields": {"action_time": "2023-12-26T04:17:34.002Z", "user": 1, "content_type": 11, "object_id": "32", "object_repr": "cart object (32)", "action_flag": 3, "change_message": ""}}, {"model": "admin.logentry", "pk": 42, "fields": {"action_time": "2023-12-26T04:17:34.262Z", "user": 1, "content_type": 11, "object_id": "31", "object_repr": "cart object (31)", "action_flag": 3, "change_message": ""}}, {"model": "admin.logentry", "pk": 43, "fields": {"action_time": "2023-12-27T04:43:06.594Z", "user": 1, "content_type": 11, "object_id": "51", "object_repr": "cart object (51)", "action_flag": 2, "change_message": "[]"}}, {"model": "admin.logentry", "pk": 44, "fields": {"action_time": "2023-12-27T19:07:21.190Z", "user": 1, "content_type": 12, "object_id": "1", "object_repr": "userAddress object (1)", "action_flag": 1, "change_message": "[{\"added\": {}}]"}}, {"model": "admin.logentry", "pk": 45, "fields": {"action_time": "2023-12-29T11:06:52.525Z", "user": 1, "content_type": 12, "object_id": "12", "object_repr": "userAddress object (12)", "action_flag": 3, "change_message": ""}}, {"model": "admin.logentry", "pk": 46, "fields": {"action_time": "2023-12-29T11:34:07.755Z", "user": 1, "content_type": 13, "object_id": "3", "object_repr": "order object (3)", "action_flag": 3, "change_message": ""}}, {"model": "admin.logentry", "pk": 47, "fields": {"action_time": "2023-12-29T11:34:07.755Z", "user": 1, "content_type": 13, "object_id": "2", "object_repr": "order object (2)", "action_flag": 3, "change_message": ""}}, {"model": "admin.logentry", "pk": 48, "fields": {"action_time": "2023-12-29T11:34:07.769Z", "user": 1, "content_type": 13, "object_id": "1", "object_repr": "order object (1)", "action_flag": 3, "change_message": ""}}, {"model": "admin.logentry", "pk": 49, "fields": {"action_time": "2023-12-29T17:14:46.295Z", "user": 1, "content_type": 11, "object_id": "67", "object_repr": "cart object (67)", "action_flag": 3, "change_message": ""}}, {"model": "admin.logentry", "pk": 50, "fields": {"action_time": "2023-12-29T17:14:46.295Z", "user": 1, "content_type": 11, "object_id": "64", "object_repr": "cart object (64)", "action_flag": 3, "change_message": ""}}, {"model": "admin.logentry", "pk": 51, "fields": {"action_time": "2023-12-29T17:14:46.312Z", "user": 1, "content_type": 11, "object_id": "63", "object_repr": "cart object (63)", "action_flag": 3, "change_message": ""}}, {"model": "admin.logentry", "pk": 52, "fields": {"action_time": "2023-12-29T17:14:46.312Z", "user": 1, "content_type": 11, "object_id": "59", "object_repr": "cart object (59)", "action_flag": 3, "change_message": ""}}, {"model": "admin.logentry", "pk": 53, "fields": {"action_time": "2023-12-29T17:14:46.329Z", "user": 1, "content_type": 11, "object_id": "58", "object_repr": "cart object (58)", "action_flag": 3, "change_message": ""}}, {"model": "admin.logentry", "pk": 54, "fields": {"action_time": "2023-12-29T17:54:49.131Z", "user": 1, "content_type": 13, "object_id": "13", "object_repr": "order object (13)", "action_flag": 3, "change_message": ""}}, {"model": "admin.logentry", "pk": 55, "fields": {"action_time": "2023-12-29T17:54:49.140Z", "user": 1, "content_type": 13, "object_id": "12", "object_repr": "order object (12)", "action_flag": 3, "change_message": ""}}, {"model": "admin.logentry", "pk": 56, "fields": {"action_time": "2023-12-30T04:48:43.345Z", "user": 1, "content_type": 13, "object_id": "16", "object_repr": "order object (16)", "action_flag": 3, "change_message": ""}}, {"model": "admin.logentry", "pk": 57, "fields": {"action_time": "2023-12-30T04:48:43.351Z", "user": 1, "content_type": 13, "object_id": "15", "object_repr": "order object (15)", "action_flag": 3, "change_message": ""}}, {"model": "admin.logentry", "pk": 58, "fields": {"action_time": "2023-12-30T04:48:43.357Z", "user": 1, "content_type": 13, "object_id": "14", "object_repr": "order object (14)", "action_flag": 3, "change_message": ""}}, {"model": "admin.logentry", "pk": 59, "fields": {"action_time": "2023-12-30T09:49:10.467Z", "user": 1, "content_type": 13, "object_id": "18", "object_repr": "order object (18)", "action_flag": 3, "change_message": ""}}, {"model": "admin.logentry", "pk": 60, "fields": {"action_time": "2023-12-30T09:49:10.475Z", "user": 1, "content_type": 13, "object_id": "17", "object_repr": "order object (17)", "action_flag": 3, "change_message": ""}}, {"model": "admin.logentry", "pk": 61, "fields": {"action_time": "2023-12-31T19:28:55.790Z", "user": 1, "content_type": 9, "object_id": "34", "object_repr": "Atomic Habits", "action_flag": 2, "change_message": "[{\"changed\": {\"fields\": [\"Quantity\"]}}]"}}, {"model": "admin.logentry", "pk": 62, "fields": {"action_time": "2023-12-31T19:33:09.700Z", "user": 1, "content_type": 9, "object_id": "34", "object_repr": "Atomic Habits", "action_flag": 2, "change_message": "[{\"changed\": {\"fields\": [\"Is active\"]}}]"}}, {"model": "admin.logentry", "pk": 63, "fields": {"action_time": "2023-12-31T19:38:41.414Z", "user": 1, "content_type": 13, "object_id": "31", "object_repr": "order object (31)", "action_flag": 3, "change_message": ""}}, {"model": "admin.logentry", "pk": 64, "fields": {"action_time": "2023-12-31T19:38:41.424Z", "user": 1, "content_type": 13, "object_id": "30", "object_repr": "order object (30)", "action_flag": 3, "change_message": ""}}, {"model": "admin.logentry", "pk": 65, "fields": {"action_time": "2023-12-31T19:38:41.431Z", "user": 1, "content_type": 13, "object_id": "29", "object_repr": "order object (29)", "action_flag": 3, "change_message": ""}}, {"model": "admin.logentry", "pk": 66, "fields": {"action_time": "2023-12-31T19:38:41.438Z", "user": 1, "content_type": 13, "object_id": "28", "object_repr": "order object (28)", "action_flag": 3, "change_message": ""}}, {"model": "admin.logentry", "pk": 67, "fields": {"action_time": "2023-12-31T19:38:41.445Z", "user": 1, "content_type": 13, "object_id": "27", "object_repr": "order object (27)", "action_flag": 3, "change_message": ""}}, {"model": "admin.logentry", "pk": 68, "fields": {"action_time": "2023-12-31T19:38:41.451Z", "user": 1, "content_type": 13, "object_id": "26", "object_repr": "order object (26)", "action_flag": 3, "change_message": ""}}, {"model": "admin.logentry", "pk": 69, "fields": {"action_time": "2023-12-31T19:39:11.857Z", "user": 1, "content_type": 9, "object_id": "34", "object_repr": "Atomic Habits", "action_flag": 2, "change_message": "[]"}}, {"model": "admin.logentry", "pk": 70, "fields": {"action_time": "2024-01-01T03:51:22.632Z", "user": 1, "content_type": 9, "object_id": "34", "object_repr": "Atomic Habits", "action_flag": 2, "change_message": "[]"}}, {"model": "admin.logentry", "pk": 71, "fields": {"action_time": "2024-01-01T03:51:36.333Z", "user": 1, "content_type": 9, "object_id": "11", "object_repr": "Wings of fire", "action_flag": 2, "change_message": "[{\"changed\": {\"fields\": [\"PincodePro\"]}}]"}}, {"model": "admin.logentry", "pk": 72, "fields": {"action_time": "2024-01-01T03:55:05.950Z", "user": 1, "content_type": 9, "object_id": "34", "object_repr": "Atomic Habits", "action_flag": 2, "change_message": "[]"}}, {"model": "admin.logentry", "pk": 73, "fields": {"action_time": "2024-01-01T03:55:10.500Z", "user": 1, "content_type": 9, "object_id": "11", "object_repr": "Wings of fire", "action_flag": 2, "change_message": "[]"}}, {"model": "admin.logentry", "pk": 74, "fields": {"action_time": "2024-01-01T04:38:04.910Z", "user": 1, "content_type": 9, "object_id": "11", "object_repr": "Wings of fire", "action_flag": 2, "change_message": "[{\"changed\": {\"fields\": [\"Quantity\"]}}]"}}, {"model": "admin.logentry", "pk": 75, "fields": {"action_time": "2024-01-01T05:07:35.777Z", "user": 1, "content_type": 13, "object_id": "32", "object_repr": "order object (32)", "action_flag": 3, "change_message": ""}}, {"model": "admin.logentry", "pk": 76, "fields": {"action_time": "2024-01-05T18:30:48.738Z", "user": 1, "content_type": 13, "object_id": "41", "object_repr": "order object (41)", "action_flag": 2, "change_message": "[{\"changed\": {\"fields\": [\"Is active\", \"Payment\"]}}]"}}, {"model": "admin.logentry", "pk": 77, "fields": {"action_time": "2024-01-05T18:52:03.637Z", "user": 1, "content_type": 13, "object_id": "41", "object_repr": "order object (41)", "action_flag": 2, "change_message": "[]"}}, {"model": "admin.logentry", "pk": 78, "fields": {"action_time": "2024-01-06T10:16:04.778Z", "user": 1, "content_type": 13, "object_id": "39", "object_repr": "order object (39)", "action_flag": 2, "change_message": "[{\"changed\": {\"fields\": [\"Payment\"]}}]"}}, {"model": "admin.logentry", "pk": 79, "fields": {"action_time": "2024-01-06T10:17:25.274Z", "user": 1, "content_type": 13, "object_id": "39", "object_repr": "order object (39)", "action_flag": 2, "change_message": "[{\"changed\": {\"fields\": [\"Status\"]}}]"}}, {"model": "admin.logentry", "pk": 80, "fields": {"action_time": "2024-01-06T13:29:10.290Z", "user": 1, "content_type": 16, "object_id": "1", "object_repr": "coupons object (1)", "action_flag": 2, "change_message": "[{\"changed\": {\"fields\": [\"Is active\"]}}]"}}, {"model": "admin.logentry", "pk": 81, "fields": {"action_time": "2024-01-07T16:48:08.059Z", "user": 1, "content_type": 13, "object_id": "42", "object_repr": "order object (42)", "action_flag": 1, "change_message": "[{\"added\": {}}]"}}, {"model": "admin.logentry", "pk": 82, "fields": {"action_time": "2024-01-07T19:48:50.166Z", "user": 1, "content_type": 16, "object_id": "5", "object_repr": "coupons object (5)", "action_flag": 3, "change_message": ""}}, {"model": "admin.logentry", "pk": 83, "fields": {"action_time": "2024-01-07T19:48:50.166Z", "user": 1, "content_type": 16, "object_id": "4", "object_repr": "coupons object (4)", "action_flag": 3, "change_message": ""}}, {"model": "admin.logentry", "pk": 84, "fields": {"action_time": "2024-01-07T19:48:50.184Z", "user": 1, "content_type": 16, "object_id": "3", "object_repr": "coupons object (3)", "action_flag": 3, "change_message": ""}}, {"model": "admin.logentry", "pk": 85, "fields": {"action_time": "2024-01-07T19:48:50.184Z", "user": 1, "content_type": 16, "object_id": "2", "object_repr": "coupons object (2)", "action_flag": 3, "change_message": ""}}, {"model": "admin.logentry", "pk": 86, "fields": {"action_time": "2024-01-07T19:48:50.184Z", "user": 1, "content_type": 16, "object_id": "1", "object_repr": "coupons object (1)", "action_flag": 3, "change_message": ""}}, {"model": "admin.logentry", "pk": 87, "fields": {"action_time": "2024-01-09T05:27:18.105Z", "user": 1, "content_type": 16, "object_id": "8", "object_repr": "coupons object (8)", "action_flag": 1, "change_message": "[{\"added\": {}}]"}}, {"model": "admin.logentry", "pk": 88, "fields": {"action_time": "2024-01-09T07:50:27.218Z", "user": 1, "content_type": 9, "object_id": "36", "object_repr": "Canon", "action_flag": 2, "change_message": "[{\"changed\": {\"fields\": [\"Quantity\"]}}]"}}, {"model": "admin.logentry", "pk": 89, "fields": {"action_time": "2024-01-12T10:23:44.562Z", "user": 1, "content_type": 13, "object_id": "53", "object_repr": "order object (53)", "action_flag": 2, "change_message": "[{\"changed\": {\"fields\": [\"Payment\", \"Payment provider\", \"Status\"]}}]"}}, {"model": "admin.logentry", "pk": 90, "fields": {"action_time": "2024-01-12T16:29:20.369Z", "user": 1, "content_type": 17, "object_id": "1", "object_repr": "user_wallet object (1)", "action_flag": 1, "change_message": "[{\"added\": {}}]"}}, {"model": "admin.logentry", "pk": 91, "fields": {"action_time": "2024-01-12T17:53:26.242Z", "user": 1, "content_type": 13, "object_id": "50", "object_repr": "order object (50)", "action_flag": 2, "change_message": "[]"}}, {"model": "admin.logentry", "pk": 92, "fields": {"action_time": "2024-01-12T20:36:01.279Z", "user": 1, "content_type": 13, "object_id": "54", "object_repr": "order object (54)", "action_flag": 2, "change_message": "[{\"changed\": {\"fields\": [\"Payment\", \"Status\"]}}]"}}, {"model": "admin.logentry", "pk": 93, "fields": {"action_time": "2024-01-14T17:29:27.848Z", "user": 1, "content_type": 18, "object_id": "2", "object_repr": "provider_credentials object (2)", "action_flag": 3, "change_message": ""}}, {"model": "admin.logentry", "pk": 94, "fields": {"action_time": "2024-01-14T17:29:33.584Z", "user": 1, "content_type": 18, "object_id": "1", "object_repr": "provider_credentials object (1)", "action_flag": 3, "change_message": ""}}, {"model": "admin.logentry", "pk": 95, "fields": {"action_time": "2024-01-15T04:54:41.066Z", "user": 1, "content_type": 13, "object_id": "55", "object_repr": "order object (55)", "action_flag": 2, "change_message": "[{\"changed\": {\"fields\": [\"Payment\", \"Payment provider\", \"Status\", \"Payment choice\"]}}]"}}, {"model": "admin.logentry", "pk": 96, "fields": {"action_time": "2024-01-15T04:54:46.883Z", "user": 1, "content_type": 13, "object_id": "54", "object_repr": "order object (54)", "action_flag": 2, "change_message": "[]"}}, {"model": "admin.logentry", "pk": 97, "fields": {"action_time": "2024-01-17T06:26:10.498Z", "user": 1, "content_type": 7, "object_id": "12", "object_repr": "conviesta@gmail.com", "action_flag": 3, "change_message": ""}}, {"model": "admin.logentry", "pk": 98, "fields": {"action_time": "2024-01-20T04:47:43.867Z", "user": 1, "content_type": 9, "object_id": "39", "object_repr": "Gopro", "action_flag": 2, "change_message": "[{\"changed\": {\"fields\": [\"Description\", \"Is active\"]}}]"}}, {"model": "admin.logentry", "pk": 99, "fields": {"action_time": "2024-01-20T05:49:45.493Z", "user": 1, "content_type": 9, "object_id": "41", "object_repr": "Hp laptop", "action_flag": 2, "change_message": "[]"}}, {"model": "admin.logentry", "pk": 100, "fields": {"action_time": "2024-01-22T06:04:35.730Z", "user": 1, "content_type": 7, "object_id": "19", "object_repr": "nobody@gmail.com", "action_flag": 3, "change_message": ""}}, {"model": "admin.logentry", "pk": 101, "fields": {"action_time": "2024-01-22T06:04:35.737Z", "user": 1, "content_type": 7, "object_id": "18", "object_repr": "hi@gmail.com", "action_flag": 3, "change_message": ""}}, {"model": "admin.logentry", "pk": 102, "fields": {"action_time": "2024-01-22T14:18:32.437Z", "user": 1, "content_type": 17, "object_id": "14", "object_repr": "user_wallet object (14)", "action_flag": 1, "change_message": "[{\"added\": {}}]"}}, {"model": "admin.logentry", "pk": 103, "fields": {"action_time": "2024-01-23T04:59:04.386Z", "user": 1, "content_type": 9, "object_id": "42", "object_repr": "iphone 12 mini", "action_flag": 2, "change_message": "[{\"changed\": {\"fields\": [\"Quantity\", \"Rentable\"]}}]"}}, {"model": "admin.logentry", "pk": 104, "fields": {"action_time": "2024-01-23T05:21:52.809Z", "user": 1, "content_type": 13, "object_id": "94", "object_repr": "order object (94)", "action_flag": 2, "change_message": "[{\"changed\": {\"fields\": [\"Coupon\", \"Payment choice\"]}}]"}}, {"model": "admin.logentry", "pk": 105, "fields": {"action_time": "2024-01-25T03:57:20.142Z", "user": 1, "content_type": 9, "object_id": "44", "object_repr": "asus laptop", "action_flag": 3, "change_message": ""}}, {"model": "admin.logentry", "pk": 106, "fields": {"action_time": "2024-01-25T06:15:47.119Z", "user": 1, "content_type": 21, "object_id": "8", "object_repr": "CategoryOffer object (8)", "action_flag": 3, "change_message": ""}}, {"model": "admin.logentry", "pk": 107, "fields": {"action_time": "2024-01-25T06:15:47.125Z", "user": 1, "content_type": 21, "object_id": "7", "object_repr": "CategoryOffer object (7)", "action_flag": 3, "change_message": ""}}, {"model": "admin.logentry", "pk": 108, "fields": {"action_time": "2024-01-25T06:15:47.125Z", "user": 1, "content_type": 21, "object_id": "6", "object_repr": "CategoryOffer object (6)", "action_flag": 3, "change_message": ""}}, {"model": "admin.logentry", "pk": 109, "fields": {"action_time": "2024-01-25T06:15:47.125Z", "user": 1, "content_type": 21, "object_id": "5", "object_repr": "CategoryOffer object (5)", "action_flag": 3, "change_message": ""}}, {"model": "admin.logentry", "pk": 110, "fields": {"action_time": "2024-01-25T06:15:47.142Z", "user": 1, "content_type": 21, "object_id": "4", "object_repr": "CategoryOffer object (4)", "action_flag": 3, "change_message": ""}}, {"model": "admin.logentry", "pk": 111, "fields": {"action_time": "2024-01-25T06:15:47.142Z", "user": 1, "content_type": 21, "object_id": "3", "object_repr": "CategoryOffer object (3)", "action_flag": 3, "change_message": ""}}, {"model": "admin.logentry", "pk": 112, "fields": {"action_time": "2024-01-25T06:15:47.142Z", "user": 1, "content_type": 21, "object_id": "2", "object_repr": "CategoryOffer object (2)", "action_flag": 3, "change_message": ""}}, {"model": "admin.logentry", "pk": 113, "fields": {"action_time": "2024-01-25T06:15:47.158Z", "user": 1, "content_type": 21, "object_id": "1", "object_repr": "CategoryOffer object (1)", "action_flag": 3, "change_message": ""}}, {"model": "admin.logentry", "pk": 114, "fields": {"action_time": "2024-01-25T06:20:31.414Z", "user": 1, "content_type": 9, "object_id": "47", "object_repr": "Sony S3", "action_flag": 1, "change_message": "[{\"added\": {}}]"}}, {"model": "admin.logentry", "pk": 115, "fields": {"action_time": "2024-01-25T06:23:43.460Z", "user": 1, "content_type": 9, "object_id": "47", "object_repr": "Sony S3", "action_flag": 2, "change_message": "[{\"changed\": {\"fields\": [\"Image\"]}}]"}}, {"model": "admin.logentry", "pk": 116, "fields": {"action_time": "2024-01-25T06:24:47.144Z", "user": 1, "content_type": 21, "object_id": "9", "object_repr": "CategoryOffer object (9)", "action_flag": 1, "change_message": "[{\"added\": {}}]"}}, {"model": "admin.logentry", "pk": 117, "fields": {"action_time": "2024-01-25T06:39:26.117Z", "user": 1, "content_type": 20, "object_id": "3", "object_repr": "ProductOffer object (3)", "action_flag": 3, "change_message": ""}}, {"model": "admin.logentry", "pk": 118, "fields": {"action_time": "2024-01-25T06:39:26.117Z", "user": 1, "content_type": 20, "object_id": "2", "object_repr": "ProductOffer object (2)", "action_flag": 3, "change_message": ""}}, {"model": "admin.logentry", "pk": 119, "fields": {"action_time": "2024-01-25T06:39:26.134Z", "user": 1, "content_type": 20, "object_id": "1", "object_repr": "ProductOffer object (1)", "action_flag": 3, "change_message": ""}}, {"model": "admin.logentry", "pk": 120, "fields": {"action_time": "2024-01-25T08:31:36.726Z", "user": 1, "content_type": 20, "object_id": "6", "object_repr": "ProductOffer object (6)", "action_flag": 3, "change_message": ""}}, {"model": "admin.logentry", "pk": 121, "fields": {"action_time": "2024-01-25T08:31:36.734Z", "user": 1, "content_type": 20, "object_id": "5", "object_repr": "ProductOffer object (5)", "action_flag": 3, "change_message": ""}}, {"model": "admin.logentry", "pk": 122, "fields": {"action_time": "2024-01-25T08:31:36.738Z", "user": 1, "content_type": 20, "object_id": "4", "object_repr": "ProductOffer object (4)", "action_flag": 3, "change_message": ""}}, {"model": "admin.logentry", "pk": 123, "fields": {"action_time": "2024-01-25T09:12:05.169Z", "user": 1, "content_type": 20, "object_id": "14", "object_repr": "ProductOffer object (14)", "action_flag": 3, "change_message": ""}}, {"model": "admin.logentry", "pk": 124, "fields": {"action_time": "2024-01-25T09:12:05.179Z", "user": 1, "content_type": 20, "object_id": "13", "object_repr": "ProductOffer object (13)", "action_flag": 3, "change_message": ""}}, {"model": "admin.logentry", "pk": 125, "fields": {"action_time": "2024-01-25T09:12:05.179Z", "user": 1, "content_type": 20, "object_id": "12", "object_repr": "ProductOffer object (12)", "action_flag": 3, "change_message": ""}}, {"model": "admin.logentry", "pk": 126, "fields": {"action_time": "2024-01-25T09:12:05.187Z", "user": 1, "content_type": 20, "object_id": "11", "object_repr": "ProductOffer object (11)", "action_flag": 3, "change_message": ""}}, {"model": "admin.logentry", "pk": 127, "fields": {"action_time": "2024-01-25T09:12:05.198Z", "user": 1, "content_type": 20, "object_id": "10", "object_repr": "ProductOffer object (10)", "action_flag": 3, "change_message": ""}}, {"model": "admin.logentry", "pk": 128, "fields": {"action_time": "2024-01-25T09:12:05.198Z", "user": 1, "content_type": 20, "object_id": "9", "object_repr": "ProductOffer object (9)", "action_flag": 3, "change_message": ""}}, {"model": "admin.logentry", "pk": 129, "fields": {"action_time": "2024-01-25T09:12:05.198Z", "user": 1, "content_type": 20, "object_id": "8", "object_repr": "ProductOffer object (8)", "action_flag": 3, "change_message": ""}}, {"model": "admin.logentry", "pk": 130, "fields": {"action_time": "2024-01-25T09:12:05.213Z", "user": 1, "content_type": 20, "object_id": "7", "object_repr": "ProductOffer object (7)", "action_flag": 3, "change_message": ""}}, {"model": "auth.permission", "pk": 1, "fields": {"name": "Can add log entry", "content_type": 1, "codename": "add_logentry"}}, {"model": "auth.permission", "pk": 2, "fields": {"name": "Can change log entry", "content_type": 1, "codename": "change_logentry"}}, {"model": "auth.permission", "pk": 3, "fields": {"name": "Can delete log entry", "content_type": 1, "codename": "delete_logentry"}}, {"model": "auth.permission", "pk": 4, "fields": {"name": "Can view log entry", "content_type": 1, "codename": "view_logentry"}}, {"model": "auth.permission", "pk": 5, "fields": {"name": "Can add permission", "content_type": 2, "codename": "add_permission"}}, {"model": "auth.permission", "pk": 6, "fields": {"name": "Can change permission", "content_type": 2, "codename": "change_permission"}}, {"model": "auth.permission", "pk": 7, "fields": {"name": "Can delete permission", "content_type": 2, "codename": "delete_permission"}}, {"model": "auth.permission", "pk": 8, "fields": {"name": "Can view permission", "content_type": 2, "codename": "view_permission"}}, {"model": "auth.permission", "pk": 9, "fields": {"name": "Can add group", "content_type": 3, "codename": "add_group"}}, {"model": "auth.permission", "pk": 10, "fields": {"name": "Can change group", "content_type": 3, "codename": "change_group"}}, {"model": "auth.permission", "pk": 11, "fields": {"name": "Can delete group", "content_type": 3, "codename": "delete_group"}}, {"model": "auth.permission", "pk": 12, "fields": {"name": "Can view group", "content_type": 3, "codename": "view_group"}}, {"model": "auth.permission", "pk": 13, "fields": {"name": "Can add user", "content_type": 4, "codename": "add_user"}}, {"model": "auth.permission", "pk": 14, "fields": {"name": "Can change user", "content_type": 4, "codename": "change_user"}}, {"model": "auth.permission", "pk": 15, "fields": {"name": "Can delete user", "content_type": 4, "codename": "delete_user"}}, {"model": "auth.permission", "pk": 16, "fields": {"name": "Can view user", "content_type": 4, "codename": "view_user"}}, {"model": "auth.permission", "pk": 17, "fields": {"name": "Can add content type", "content_type": 5, "codename": "add_contenttype"}}, {"model": "auth.permission", "pk": 18, "fields": {"name": "Can change content type", "content_type": 5, "codename": "change_contenttype"}}, {"model": "auth.permission", "pk": 19, "fields": {"name": "Can delete content type", "content_type": 5, "codename": "delete_contenttype"}}, {"model": "auth.permission", "pk": 20, "fields": {"name": "Can view content type", "content_type": 5, "codename": "view_contenttype"}}, {"model": "auth.permission", "pk": 21, "fields": {"name": "Can add session", "content_type": 6, "codename": "add_session"}}, {"model": "auth.permission", "pk": 22, "fields": {"name": "Can change session", "content_type": 6, "codename": "change_session"}}, {"model": "auth.permission", "pk": 23, "fields": {"name": "Can delete session", "content_type": 6, "codename": "delete_session"}}, {"model": "auth.permission", "pk": 24, "fields": {"name": "Can view session", "content_type": 6, "codename": "view_session"}}, {"model": "auth.permission", "pk": 25, "fields": {"name": "Can add User", "content_type": 7, "codename": "add_customuser"}}, {"model": "auth.permission", "pk": 26, "fields": {"name": "Can change User", "content_type": 7, "codename": "change_customuser"}}, {"model": "auth.permission", "pk": 27, "fields": {"name": "Can delete User", "content_type": 7, "codename": "delete_customuser"}}, {"model": "auth.permission", "pk": 28, "fields": {"name": "Can view User", "content_type": 7, "codename": "view_customuser"}}, {"model": "auth.permission", "pk": 29, "fields": {"name": "Can add categories", "content_type": 8, "codename": "add_categories"}}, {"model": "auth.permission", "pk": 30, "fields": {"name": "Can change categories", "content_type": 8, "codename": "change_categories"}}, {"model": "auth.permission", "pk": 31, "fields": {"name": "Can delete categories", "content_type": 8, "codename": "delete_categories"}}, {"model": "auth.permission", "pk": 32, "fields": {"name": "Can view categories", "content_type": 8, "codename": "view_categories"}}, {"model": "auth.permission", "pk": 33, "fields": {"name": "Can add product", "content_type": 9, "codename": "add_product"}}, {"model": "auth.permission", "pk": 34, "fields": {"name": "Can change product", "content_type": 9, "codename": "change_product"}}, {"model": "auth.permission", "pk": 35, "fields": {"name": "Can delete product", "content_type": 9, "codename": "delete_product"}}, {"model": "auth.permission", "pk": 36, "fields": {"name": "Can view product", "content_type": 9, "codename": "view_product"}}, {"model": "auth.permission", "pk": 37, "fields": {"name": "Can add multiple image", "content_type": 10, "codename": "add_multipleimage"}}, {"model": "auth.permission", "pk": 38, "fields": {"name": "Can change multiple image", "content_type": 10, "codename": "change_multipleimage"}}, {"model": "auth.permission", "pk": 39, "fields": {"name": "Can delete multiple image", "content_type": 10, "codename": "delete_multipleimage"}}, {"model": "auth.permission", "pk": 40, "fields": {"name": "Can view multiple image", "content_type": 10, "codename": "view_multipleimage"}}, {"model": "auth.permission", "pk": 41, "fields": {"name": "Can add cart", "content_type": 11, "codename": "add_cart"}}, {"model": "auth.permission", "pk": 42, "fields": {"name": "Can change cart", "content_type": 11, "codename": "change_cart"}}, {"model": "auth.permission", "pk": 43, "fields": {"name": "Can delete cart", "content_type": 11, "codename": "delete_cart"}}, {"model": "auth.permission", "pk": 44, "fields": {"name": "Can view cart", "content_type": 11, "codename": "view_cart"}}, {"model": "auth.permission", "pk": 45, "fields": {"name": "Can add user address", "content_type": 12, "codename": "add_useraddress"}}, {"model": "auth.permission", "pk": 46, "fields": {"name": "Can change user address", "content_type": 12, "codename": "change_useraddress"}}, {"model": "auth.permission", "pk": 47, "fields": {"name": "Can delete user address", "content_type": 12, "codename": "delete_useraddress"}}, {"model": "auth.permission", "pk": 48, "fields": {"name": "Can view user address", "content_type": 12, "codename": "view_useraddress"}}, {"model": "auth.permission", "pk": 49, "fields": {"name": "Can add order", "content_type": 13, "codename": "add_order"}}, {"model": "auth.permission", "pk": 50, "fields": {"name": "Can change order", "content_type": 13, "codename": "change_order"}}, {"model": "auth.permission", "pk": 51, "fields": {"name": "Can delete order", "content_type": 13, "codename": "delete_order"}}, {"model": "auth.permission", "pk": 52, "fields": {"name": "Can view order", "content_type": 13, "codename": "view_order"}}, {"model": "auth.permission", "pk": 53, "fields": {"name": "Can add PayPal IPN", "content_type": 14, "codename": "add_paypalipn"}}, {"model": "auth.permission", "pk": 54, "fields": {"name": "Can change PayPal IPN", "content_type": 14, "codename": "change_paypalipn"}}, {"model": "auth.permission", "pk": 55, "fields": {"name": "Can delete PayPal IPN", "content_type": 14, "codename": "delete_paypalipn"}}, {"model": "auth.permission", "pk": 56, "fields": {"name": "Can view PayPal IPN", "content_type": 14, "codename": "view_paypalipn"}}, {"model": "auth.permission", "pk": 57, "fields": {"name": "Can add shipping", "content_type": 15, "codename": "add_shipping"}}, {"model": "auth.permission", "pk": 58, "fields": {"name": "Can change shipping", "content_type": 15, "codename": "change_shipping"}}, {"model": "auth.permission", "pk": 59, "fields": {"name": "Can delete shipping", "content_type": 15, "codename": "delete_shipping"}}, {"model": "auth.permission", "pk": 60, "fields": {"name": "Can view shipping", "content_type": 15, "codename": "view_shipping"}}, {"model": "auth.permission", "pk": 61, "fields": {"name": "Can add coupons", "content_type": 16, "codename": "add_coupons"}}, {"model": "auth.permission", "pk": 62, "fields": {"name": "Can change coupons", "content_type": 16, "codename": "change_coupons"}}, {"model": "auth.permission", "pk": 63, "fields": {"name": "Can delete coupons", "content_type": 16, "codename": "delete_coupons"}}, {"model": "auth.permission", "pk": 64, "fields": {"name": "Can view coupons", "content_type": 16, "codename": "view_coupons"}}, {"model": "auth.permission", "pk": 65, "fields": {"name": "Can add user_wallet", "content_type": 17, "codename": "add_user_wallet"}}, {"model": "auth.permission", "pk": 66, "fields": {"name": "Can change user_wallet", "content_type": 17, "codename": "change_user_wallet"}}, {"model": "auth.permission", "pk": 67, "fields": {"name": "Can delete user_wallet", "content_type": 17, "codename": "delete_user_wallet"}}, {"model": "auth.permission", "pk": 68, "fields": {"name": "Can view user_wallet", "content_type": 17, "codename": "view_user_wallet"}}, {"model": "auth.permission", "pk": 69, "fields": {"name": "Can add provider_details", "content_type": 18, "codename": "add_provider_details"}}, {"model": "auth.permission", "pk": 70, "fields": {"name": "Can change provider_details", "content_type": 18, "codename": "change_provider_details"}}, {"model": "auth.permission", "pk": 71, "fields": {"name": "Can delete provider_details", "content_type": 18, "codename": "delete_provider_details"}}, {"model": "auth.permission", "pk": 72, "fields": {"name": "Can view provider_details", "content_type": 18, "codename": "view_provider_details"}}, {"model": "auth.permission", "pk": 73, "fields": {"name": "Can add provider_credentials", "content_type": 18, "codename": "add_provider_credentials"}}, {"model": "auth.permission", "pk": 74, "fields": {"name": "Can change provider_credentials", "content_type": 18, "codename": "change_provider_credentials"}}, {"model": "auth.permission", "pk": 75, "fields": {"name": "Can delete provider_credentials", "content_type": 18, "codename": "delete_provider_credentials"}}, {"model": "auth.permission", "pk": 76, "fields": {"name": "Can view provider_credentials", "content_type": 18, "codename": "view_provider_credentials"}}, {"model": "auth.permission", "pk": 77, "fields": {"name": "Can add offers", "content_type": 19, "codename": "add_offers"}}, {"model": "auth.permission", "pk": 78, "fields": {"name": "Can change offers", "content_type": 19, "codename": "change_offers"}}, {"model": "auth.permission", "pk": 79, "fields": {"name": "Can delete offers", "content_type": 19, "codename": "delete_offers"}}, {"model": "auth.permission", "pk": 80, "fields": {"name": "Can view offers", "content_type": 19, "codename": "view_offers"}}, {"model": "auth.permission", "pk": 81, "fields": {"name": "Can add product offer", "content_type": 20, "codename": "add_productoffer"}}, {"model": "auth.permission", "pk": 82, "fields": {"name": "Can change product offer", "content_type": 20, "codename": "change_productoffer"}}, {"model": "auth.permission", "pk": 83, "fields": {"name": "Can delete product offer", "content_type": 20, "codename": "delete_productoffer"}}, {"model": "auth.permission", "pk": 84, "fields": {"name": "Can view product offer", "content_type": 20, "codename": "view_productoffer"}}, {"model": "auth.permission", "pk": 85, "fields": {"name": "Can add category offer", "content_type": 21, "codename": "add_categoryoffer"}}, {"model": "auth.permission", "pk": 86, "fields": {"name": "Can change category offer", "content_type": 21, "codename": "change_categoryoffer"}}, {"model": "auth.permission", "pk": 87, "fields": {"name": "Can delete category offer", "content_type": 21, "codename": "delete_categoryoffer"}}, {"model": "auth.permission", "pk": 88, "fields": {"name": "Can view category offer", "content_type": 21, "codename": "view_categoryoffer"}}, {"model": "contenttypes.contenttype", "pk": 1, "fields": {"app_label": "admin", "model": "logentry"}}, {"model": "contenttypes.contenttype", "pk": 2, "fields": {"app_label": "auth", "model": "permission"}}, {"model": "contenttypes.contenttype", "pk": 3, "fields": {"app_label": "auth", "model": "group"}}, {"model": "contenttypes.contenttype", "pk": 4, "fields": {"app_label": "auth", "model": "user"}}, {"model": "contenttypes.contenttype", "pk": 5, "fields": {"app_label": "contenttypes", "model": "contenttype"}}, {"model": "contenttypes.contenttype", "pk": 6, "fields": {"app_label": "sessions", "model": "session"}}, {"model": "contenttypes.contenttype", "pk": 7, "fields": {"app_label": "user", "model": "customuser"}}, {"model": "contenttypes.contenttype", "pk": 8, "fields": {"app_label": "adminPanel", "model": "categories"}}, {"model": "contenttypes.contenttype", "pk": 9, "fields": {"app_label": "adminPanel", "model": "product"}}, {"model": "contenttypes.contenttype", "pk": 10, "fields": {"app_label": "adminPanel", "model": "multipleimage"}}, {"model": "contenttypes.contenttype", "pk": 11, "fields": {"app_label": "cart", "model": "cart"}}, {"model": "contenttypes.contenttype", "pk": 12, "fields": {"app_label": "user", "model": "useraddress"}}, {"model": "contenttypes.contenttype", "pk": 13, "fields": {"app_label": "order", "model": "order"}}, {"model": "contenttypes.contenttype", "pk": 14, "fields": {"app_label": "ipn", "model": "paypalipn"}}, {"model": "contenttypes.contenttype", "pk": 15, "fields": {"app_label": "order", "model": "shipping"}}, {"model": "contenttypes.contenttype", "pk": 16, "fields": {"app_label": "adminPanel", "model": "coupons"}}, {"model": "contenttypes.contenttype", "pk": 17, "fields": {"app_label": "payments", "model": "user_wallet"}}, {"model": "contenttypes.contenttype", "pk": 18, "fields": {"app_label": "provider", "model": "provider_credentials"}}, {"model": "contenttypes.contenttype", "pk": 19, "fields": {"app_label": "adminPanel", "model": "offers"}}, {"model": "contenttypes.contenttype", "pk": 20, "fields": {"app_label": "adminPanel", "model": "productoffer"}}, {"model": "contenttypes.contenttype", "pk": 21, "fields": {"app_label": "adminPanel", "model": "categoryoffer"}}, {"model": "sessions.session", "pk": "04tjoqqwaa1yjp0pzyvu6rjvj855a64l", "fields": {"session_data": ".eJxVjEEOgjAQRe_StWlw2gLj0j1nINOZqUVNSSisjHdXEha6_e-9_zIjbWset6rLOIm5GABz-h0j8UPLTuRO5TZbnsu6TNHuij1otcMs-rwe7t9Bppq_dfBMgh41ugTaSd-CbyEhnDtEz12rPScJjUvRRWxCw-SEmR1QAsRg3h8MaDhK:1rSDjK:0I-v_OQfpBQCaQM9nBa3JvB0FJI-KXnRAAzW36WQ-bE", "expire_date": "2024-02-06T10:10:06.705Z"}}, {"model": "sessions.session", "pk": "0hecz52ajwwpmz0dbb9mdyos2kavnf3h", "fields": {"session_data": ".eJxVjDsOwjAUBO_iGll2_Kek5wzWJu-ZBFAsxUmFuDtESgHtzsy-RMa2jnlrvOSJxFk4cfrdegwPnndAd8y3Koc6r8vUy12RB23yWomfl8P9OxjRxm_dkTZMoQvOApYSCmIJqvg0KA1frA7FEPsOFFUyIZmoAa8VIjtmJ94f7pc4CQ:1rIWji:A5joIYJgwZyxvL9MjioDALWh7-3hCUrqtkSIDniS3Dc", "expire_date": "2024-01-10T16:26:26.362Z"}}, {"model": "sessions.session", "pk": "1kdqyujjq8khnirub9kepv13bxp4vnx2", "fields": {"session_data": ".eJxFi80OATEYRV9Fukb0b4ZZERGCBfEzy6ZmPjSm00lbIyLe3bcgdveee8-LNDqEh_MlyUgRCsdJl7jYqACFh6hu8MSBz_PlapNPFmx_FNPNYpdIvl_PZmm-lJPp9vB1Wl2ZUpU6AjpswHiPsh6jHcoyyjMq-4zK0WCE73sAr0qI2lSBZC8CFhNKrWnh1o4vNpiqXziL17PxIapaW_jtCCv9Z0fszdXVoOq7PYFHlHCRiqFMpUgEeb8_9gZG3Q:1rGCl9:m047EncViVKrSwv4DJnd3cIyMl-Hc9f0pmx5i45jGIw", "expire_date": "2024-01-04T06:42:19.696Z"}}, {"model": "sessions.session", "pk": "1sjr2gi0t2uzu743z9z7pyfw4jivsiw8", "fields": {"session_data": ".eJxFi8FOAjEURX_FdC3EvrZTMiswoDGExSxUyqYpM09smE4nbRljCP_uW2jc3XvuPVc2upy_YupYzdrcRsHuWSyjzdgmLPaM3zS8PpmN2r3s9Uo1z9pIs9mumnUDB3jfGyMef53J9b6znStIDjyAmHGYAb_jUHNRc5gvoFK6ovclY7IdFuf7zOorw0CJpMlPeJ6Wp5B9P29joOuHT7nYwQX82wn27p-9UR8_44B2uIQjJkKVkFoulFaykux2-wEcQ0cY:1rGCl7:676qDYGjNZQlYnqv_L92f3FU3VDu51FnqWqOD6EUrRg", "expire_date": "2024-01-04T06:42:17.570Z"}}, {"model": "sessions.session", "pk": "2dbzf2ey7nb9qhurf6sgyekboaerkt31", "fields": {"session_data": "eyJwYXNzd29yZCI6IjEifQ:1rFVqq:qUodnmeebZall35YliS0YXV_gek6Ak-4MnrsWL-J77Y", "expire_date": "2024-01-02T08:53:20.161Z"}}, {"model": "sessions.session", "pk": "4l22whhdywfvwrj1g7bvhn8m64vxoj3c", "fields": {"session_data": ".eJxVj0GLwjAQhf-KzFnFxKjY04JKC3UVVLS3kG1Gt2zalCTdZRH_uxMExTnNvJnvPeYKrfL-zzoNCTDog8MzOodOVqRw1gcbWumxdBjkD_7T1SYT63ydT_LPYrcrjrNC7KfLTbrdntJpvlhl8GB-lam01CogMXzExWDEBpz3GE8mIhmPh4yL-SxGdp7iNAZVGQ_JFbCmjqCAPrCPS5yGpa3p8lw5H2Sj6uh5oDVpRr2k6NZ-2wZl09Vf6KL0Vs8HlZGl1cQ0nTG32x35BFGV:1rRoeq:cvxkmUY8PrIRYJA2iH4QNwiuwH7q6oPLWk4G4BrIad4", "expire_date": "2024-02-05T07:23:48.132Z"}}, {"model": "sessions.session", "pk": "6fj1tjivsfgelzhgtbwhcsa7ba9v7gnu", "fields": {"session_data": ".eJxVjDsOwjAUBO_iGll2_Kek5wzWJu-ZBFAsxUmFuDtESgHtzsy-RMa2jnlrvOSJxFk4cfrdegwPnndAd8y3Koc6r8vUy12RB23yWomfl8P9OxjRxm_dkTZMoQvOApYSCmIJqvg0KA1frA7FEPsOFFUyIZmoAa8VIjtmJ94f7pc4CQ:1rPPI1:-8_vXPxdaYSSrafeenhBhrMYOYCUvYBxsaDEt7sX7aw", "expire_date": "2024-01-29T15:54:17.369Z"}}, {"model": "sessions.session", "pk": "6t9pq8go1ns01agqi7bt1s9re37mfc55", "fields": {"session_data": ".eJxVjDsOwjAQBe_iGln-xjIlPWewdr1rHEC2FCcV4u4QKQW0b2beSyTY1pq2wUuaSZyFFqffDSE_uO2A7tBuXebe1mVGuSvyoENeO_Hzcrh_BxVG_dYFI1rOToMnrw1AweADgSZLnLN1RfmJozYllmyjZ7ITKhOcMgrIBPH-ABDvOH4:1rQ54S:5lLbru5nsOZ5HvvzgjtJgyM4rdGnRFGOOQzgaQ0s3go", "expire_date": "2024-01-31T12:31:04.678Z"}}, {"model": "sessions.session", "pk": "8e6k8se56rsqmorb2u2yxj2hmzk6vny8", "fields": {"session_data": ".eJxVjEEOgyAQRe_CuiEiWIrL7nsGMsMMamukQVg1vXu1ceP2v_ffR9SVs5_TMDD5VIvoS658ER5qGf0fTiR60WpxGhHCi5ed0BOWIcmQlpInlLsiD7rKRyKe74d7CoywjtubDdAN402h0cFGsLFxxnasHAFqpSxGR4qunYMuIFhutdHcYtDsQqfMFi2pwOzfeQos-kY23x9BHUdF:1rTMkH:Yj4y0Hq3KXrIlo9otzuJKTy4B4fIIZeS3xocH-fe_yY", "expire_date": "2024-02-09T13:59:49.598Z"}}, {"model": "sessions.session", "pk": "as2he0t0nv274z1m3bdig5xq70a6lnix", "fields": {"session_data": ".eJxFjMEKwjAQRH9FclZJk7RgTxYPrbRWEC96CbFZtZg2JUkVEf_dFQRvO2_m7YsMyvuHdZqkJCJTYsMgPTQOgrzBE2G93efbZFfU5aY4rLIkPuTVsc6KMt9lQqyrn3NXptVSqwDoMMrEjEYzxieUppyllM4jLmic4Hr04KSGoFrjSfoi0OGFUgAfkuXlm-aN7XB5bp0Pslcd_GpkRv3R99twtT3IfuxO4BAJvhCCcREzjqWDMzinjGysRqEfjXm_P4kwS5A:1rRzXk:cYyIrEZmG24DUwTdxDNEqgZ3r2mON26uqezJyeopSCc", "expire_date": "2024-02-05T19:01:12.610Z"}}, {"model": "sessions.session", "pk": "b97v9vda4nrktl6cxqlsgc20a8kyglas", "fields": {"session_data": "e30:1rRfAM:8wPKFNT9__Wt-IGl_vMaypE91I6cBab8wdvxuCyphsI", "expire_date": "2024-02-04T21:15:42.686Z"}}, {"model": "sessions.session", "pk": "cijnt87vfiy0rc9ltlskt92qb81gr9sh", "fields": {"session_data": ".eJxVjDsOwjAUBO_iGll2_Kek5wzWJu-ZBFAsxUmFuDtESgHtzsy-RMa2jnlrvOSJxFk4cfrdegwPnndAd8y3Koc6r8vUy12RB23yWomfl8P9OxjRxm_dkTZMoQvOApYSCmIJqvg0KA1frA7FEPsOFFUyIZmoAa8VIjtmJ94f7pc4CQ:1rLxvv:B96qHlF30X2HHNflt6qzW5NQJ6gJC7fOyKeWdC6dMk4", "expire_date": "2024-01-20T04:05:15.469Z"}}, {"model": "sessions.session", "pk": "cwu2x0lkv48zwj3jis446h7s0yibti8z", "fields": {"session_data": ".eJxVjEEOwiAQRe_C2hChQwdcuu8ZCMOAVA0kpV0Z765NutDtf-_9l_BhW4vfelr8zOIiQJx-NwrxkeoO-B7qrcnY6rrMJHdFHrTLqXF6Xg_376CEXr41nnEE65RBx0NQTKOJAMhKZU0Ok-WoSA3RZs0ImokoW20GSM4goBHvD8l5N1o:1rFtek:XOBn-j3fExbvliCUK5JucfSj97hgP49uKYZj1kTW4Kc", "expire_date": "2024-01-03T10:18:26.765Z"}}, {"model": "sessions.session", "pk": "dlfj8ldonz02v2rqkf99t56e3t705l7l", "fields": {"session_data": ".eJxVjEEOgjAQRe_StWlw2gLj0j1nINOZqUVNSSisjHdXEha6_e-9_zIjbWset6rLOIm5GABz-h0j8UPLTuRO5TZbnsu6TNHuij1otcMs-rwe7t9Bppq_dfBMgh41ugTaSd-CbyEhnDtEz12rPScJjUvRRWxCw-SEmR1QAsRg3h8MaDhK:1rSCTl:M26I2dOIqoxsHHLNggHaMFQkOTkpCkt-Xr77JDalDGM", "expire_date": "2024-02-06T08:49:57.328Z"}}, {"model": "sessions.session", "pk": "e1z8qayibw0ciggluv9tfdxbi8o7o7c7", "fields": {"session_data": ".eJxVjDsOgzAQBe-ydWT5g7FMmT5nsNbeNZAgLIFdRbl7QkRD-2bmvaHtvIWljCNTKK3CULfGNwjY6hT-cCYYQMFli5hevB6AnriORaSy1m2O4lDESXfxKMTL_XQvBxPu06_O0UfDqVNoySqNmKOzjlCRIU7JdFnanr3S2edkvGUyfZTadVJLJO3g8wVL9UEv:1rSyAU:ODHMoNRUKKyIgCzGmEgXgukAfWK9Pz3_APSqnwj6uxs", "expire_date": "2024-02-08T11:45:14.783Z"}}, {"model": "sessions.session", "pk": "erhmuj48x3oigo39b7dg05iu2i84knt6", "fields": {"session_data": ".eJxVjMEOwiAQRP-FsyEuFLr16N1vICy7SNXQpLQn47_bJj3obTLvzbxViOtSwtpkDiOriwJQp9-SYnpK3Qk_Yr1POk11mUfSu6IP2vRtYnldD_fvoMRWtnXCATqwhNl30Yoh4CgJMjoWK3iG7MCYIVsSdn3K1gv7nrJ3uAWH6vMFFuo4pg:1rGmmj:JrsaSBbBS4JoAphQhUEdDH8PtPBtudJ-hPXSGvyNYwQ", "expire_date": "2024-01-05T21:10:21.479Z"}}, {"model": "sessions.session", "pk": "eztjfcc4vk1zr35f7lhq8rbqtga2kbgz", "fields": {"session_data": "e30:1rFW0i:MpmeNymscZioVMYW24yPjajNAQKysVTBx2H__wG9mPM", "expire_date": "2024-01-02T09:03:32.297Z"}}, {"model": "sessions.session", "pk": "feyi5cy7wpflqfxxik31n93p4zyoxj5q", "fields": {"session_data": ".eJxVjEEOgjAQRe_StWlw2gLj0j1nINOZqUVNSSisjHdXEha6_e-9_zIjbWset6rLOIm5GABz-h0j8UPLTuRO5TZbnsu6TNHuij1otcMs-rwe7t9Bppq_dfBMgh41ugTaSd-CbyEhnDtEz12rPScJjUvRRWxCw-SEmR1QAsRg3h8MaDhK:1rSEIY:SuJCd-PggoH6uQD7hAN-5xEeoS_13S7bj2KPSm52uqg", "expire_date": "2024-02-06T10:46:30.648Z"}}, {"model": "sessions.session", "pk": "h2d7n33qygjkrkevc4mpzpvhgd46kfu1", "fields": {"session_data": "e30:1rFVqq:zEbslYhuzyH_sxqcgb6fPD4nNY2n17sIfyZjWg0-G9k", "expire_date": "2024-01-02T08:53:20.270Z"}}, {"model": "sessions.session", "pk": "h551mvvh1h5kakvagvf3vx1qstrr6zkd", "fields": {"session_data": ".eJxVjDsOwjAQBe_iGln-xjIlPWewdr1rHEC2FCcV4u4QKQW0b2beSyTY1pq2wUuaSZyFFqffDSE_uO2A7tBuXebe1mVGuSvyoENeO_Hzcrh_BxVG_dYFI1rOToMnrw1AweADgSZLnLN1RfmJozYllmyjZ7ITKhOcMgrIBPH-ABDvOH4:1rFGsS:nIgdhFvrZ56XqcScRiltdjUX0ArF40D9VWWJz4X6GD8", "expire_date": "2024-01-01T16:54:00.032Z"}}, {"model": "sessions.session", "pk": "hflbizbm0bqvo7vwqdhhpe6knymo2qo8", "fields": {"session_data": ".eJxVjDsOwjAQBe_iGln-xjIlPWewdr1rHEC2FCcV4u4QKQW0b2beSyTY1pq2wUuaSZyFFqffDSE_uO2A7tBuXebe1mVGuSvyoENeO_Hzcrh_BxVG_dYFI1rOToMnrw1AweADgSZLnLN1RfmJozYllmyjZ7ITKhOcMgrIBPH-ABDvOH4:1rGmhC:Nx4zhXAihEBXRan_Ez1CLrNriUZGPsJ3VgYcNwmRQoQ", "expire_date": "2024-01-05T21:04:38.237Z"}}, {"model": "sessions.session", "pk": "hy7apixrbkl14k02qj0an91y0ctuv78k", "fields": {"session_data": ".eJxVjEEOgjAQRe_StWlw2gLj0j1nINOZqUVNSSisjHdXEha6_e-9_zIjbWset6rLOIm5GABz-h0j8UPLTuRO5TZbnsu6TNHuij1otcMs-rwe7t9Bppq_dfBMgh41ugTaSd-CbyEhnDtEz12rPScJjUvRRWxCw-SEmR1QAsRg3h8MaDhK:1rS8kZ:V_tlke3faao-b-d1-cEXvgR16EIY6ACNQIfF0GGgOMw", "expire_date": "2024-02-06T04:51:03.952Z"}}, {"model": "sessions.session", "pk": "j4bs3k5zwhs35qpl45r71saq4ppxaejy", "fields": {"session_data": ".eJxFjFFrgzAUhf9KyXNbYoy6-jQKXYuWynTdoC_hVu-srUZJ4sYo_vfdwmBv53yc79zZANZ-96ZiMfPYnPVuUBZLg07d8IdgkeTy-JEm-1O-O2SvYVps0uQ9ytdvp5cw2GR_zhe0TaUqcEiO4MJfeGIh-IyvYu7FMlzyQAZS0Hq0aFSFDprWsvjOsKNEUq2hMdfxuX70Zdl3tP1sjHVKQ_d43YKugWAL_-xAfbj0GpUeuzMaQqunKAykLzzOpukXgV1FNg:1rFnIH:d3Kr3HlloXjAWYXEATBMP-I6hOZ8jQzu6WJ2uPcKMpU", "expire_date": "2024-01-03T03:30:49.419Z"}}, {"model": "sessions.session", "pk": "m2nkeyzyu4xes3b69n7qsv0t007sh40u", "fields": {"session_data": ".eJxVkN1qwzAMhV9l-LoNsR0nTa62sR_oKO1WWFlvjBLLTdrEKbazMUrffc7ooANdSJ_OkZBO5AjOffVWkYJQMiG9P0qHlUUvD_gd4HK1fliu3udrsUjuttu3l0cxT5P0jW0-1k_Pm9eL5xPaRkkFHoOHxYxPKZvS_CamRTIr4jRK-SynLKgHh1Yq9NC0jhQngl3IgmlnoLH74XY31lHVd0GrG-u8NNCNU5XTTgXYwhXTIznWvUFphq5EO97BeMJZCHKeEAmDr-Xv0ubvyCtWQnVAMzbUHsyuD4uNt00ZjZLo0nXRolfY3l-0_wbU4Org1mVecqwSCkIJygB0mYlMAVVcYVXxRMcixfABneuK5wIVT8uYZUnMYlAsI-cfxcB9pA:1rFKAh:ujCrdbOvMgenBKuq02vgI_MTTOCPlg-hXJuDd-n-8Iw", "expire_date": "2024-01-01T20:25:03.895Z"}}, {"model": "sessions.session", "pk": "m8ynysbqy31fjcrs5s7iaebe7t9zb1dg", "fields": {"session_data": ".eJxVjEEOwiAQRe_C2hChQwdcuu8ZCMOAVA0kpV0Z765NutDtf-_9l_BhW4vfelr8zOIiQJx-NwrxkeoO-B7qrcnY6rrMJHdFHrTLqXF6Xg_376CEXr41nnEE65RBx0NQTKOJAMhKZU0Ok-WoSA3RZs0ImokoW20GSM4goBHvD8l5N1o:1rPeoZ:qCWwrIiaPcS43LdwhCW6ZgXsLSGo6usGttjgMn57gTM", "expire_date": "2024-01-30T08:28:55.335Z"}}, {"model": "sessions.session", "pk": "ml3drrt624biyte9jkqgyxv736yyktzd", "fields": {"session_data": ".eJwty80KgjAAAOBXiZ1TtjGdecr87WB0KdlpjLlipE62WUT07hF4_74PkIu1avJ8ccqCFAj30pObjYeQ7u-j0EMozQi2wPiZOyWt8vyh3vxm_ror25xlZdOxU3Gs2KVuzpgcSFTU1zxr42p9TzHonvfCq_VhiEkAUYCSDYpTRFMUhZiSZEfB9wd4RC3x:1rQPuc:ikGrE1hLkEJaZXqu_Ea_-_JfK_-g6oMpv1B_dXZxX7U", "expire_date": "2024-02-01T10:46:18.003Z"}}, {"model": "sessions.session", "pk": "n7wbgqa06776pllyj0u1cjkkw4mkhbk6", "fields": {"session_data": ".eJxVjDsOwjAQBe_iGln-xjIlPWewdr1rHEC2FCcV4u4QKQW0b2beSyTY1pq2wUuaSZyFFqffDSE_uO2A7tBuXebe1mVGuSvyoENeO_Hzcrh_BxVG_dYFI1rOToMnrw1AweADgSZLnLN1RfmJozYllmyjZ7ITKhOcMgrIBPH-ABDvOH4:1rG1Fv:xp9wjWPBYh6UMFvIlmOQzNpq65HhD_3K20jGsLSqGdg", "expire_date": "2024-01-03T18:25:19.952Z"}}, {"model": "sessions.session", "pk": "ntxyc32tsjvxj1mvi831v4yfhlv9ikqx", "fields": {"session_data": ".eJxVjDsOwjAQBe_iGln-xjIlPWewdr1rHEC2FCcV4u4QKQW0b2beSyTY1pq2wUuaSZyFFqffDSE_uO2A7tBuXebe1mVGuSvyoENeO_Hzcrh_BxVG_dYFI1rOToMnrw1AweADgSZLnLN1RfmJozYllmyjZ7ITKhOcMgrIBPH-ABDvOH4:1rFo3v:2QKR949Z7_pU3N0g5aYM668MgktoHdVbhrmQsiJpVAk", "expire_date": "2024-01-03T04:20:03.137Z"}}, {"model": "sessions.session", "pk": "oplhctchxatkmyb2pzmiqet9m25n5i0i", "fields": {"session_data": ".eJxFj90KwjAMhV9Fcq3iug23XSlzoIII_oB6U-oaddito-0UEd_dqKgQQs7J-Qi5Qy2svWojIQEP2mDwgMag4QU5zGuDdjW3mBt0_Iw3Sm2zebbJxusFmy2G6SSd9per9S6chrt5Goy2I_gwF6EKyaVwSAzrsaDT8zqMtbw48UOqbuxHURxRurF0TqIThbKQ3AFLmghyaJ0_OL5UN9clJQ-FsY5XosT3mvZkKvH3fNL1SVfIq6bco3lZ_SCOvu33oFA815KQqlHq8XgCLohSUw:1rRuum:WF5uHHiiSfyDGUOuBF_Q50-re0CqWDtDXuybjLTsxHw", "expire_date": "2024-02-05T14:04:40.577Z"}}, {"model": "sessions.session", "pk": "oyt29ytun1ldfya91g5yqxc4i6460mws", "fields": {"session_data": ".eJxVjEEOgjAQRe_StWlw2gLD0r1naNqZKaCGJtCujHdXDBu2_73336pusvpXHkdhn2tRQ1mrXJQPtUz-D2dWgwJQpzEGesqyE36EZcya8lLWOepd0Qfd9D2zvG6HezqYwjb9amcpMFqUaBJIx30LtoWEcO0QLXWt9JTYNSZFE7FxDQXDRGQgJEB06vMFUB9A-w:1rSFny:U6as3BcwmMUHnH7G5UWwv0onmcgnBE8UFTuigpeDkds", "expire_date": "2024-02-06T12:23:02.094Z"}}, {"model": "sessions.session", "pk": "qapq20qew517kv51bf6tngaiwxxkaniy", "fields": {"session_data": ".eJxVjDsOwjAUBO_iGll2_Kek5wzWJu-ZBFAsxUmFuDtESgHtzsy-RMa2jnlrvOSJxFk4cfrdegwPnndAd8y3Koc6r8vUy12RB23yWomfl8P9OxjRxm_dkTZMoQvOApYSCmIJqvg0KA1frA7FEPsOFFUyIZmoAa8VIjtmJ94f7pc4CQ:1rPexJ:-ufoQuicJaa5gK_h6TgVlz668j03l9DgzXwvfHYFMQA", "expire_date": "2024-01-30T08:37:57.417Z"}}, {"model": "sessions.session", "pk": "qg9izd3ddo80nzbki1539sbtnzgymo8f", "fields": {"session_data": ".eJxFzN1qwzAMBeBXGb5eS5x46chVfxjrxtotoyntlXFjbTVN7GA5CaPk3adAoUIX4uMcXVmjEHvnNcsYZ4_MhUYilB6CvMAf4XZfvOSbr93-uBSzfL1LV-_fH-m2OCzEZ_72url1OlUZLbUKQJ04isUk4hM-e-A8e0qzKJ5GInnmgtItgpcagjIVsuzKoKaLSqWznQEMav47yrR0NaV_jMcgrarHvws898aSVuqOqAmas7MgbVufwJOJJE7GHYcNwz9Hz0d2:1rPzMP:kIKU8J2DLZwwi-WjNez0Q_8a1y42aSGs5GiPWxoALmQ", "expire_date": "2024-01-31T06:25:13.629Z"}}, {"model": "sessions.session", "pk": "s0nkf42hftqvlpf7niupg8vhwmrtcctk", "fields": {"session_data": ".eJxVjDsOwjAUBO_iGll2_Kek5wzWJu-ZBFAsxUmFuDtESgHtzsy-RMa2jnlrvOSJxFk4cfrdegwPnndAd8y3Koc6r8vUy12RB23yWomfl8P9OxjRxm_dkTZMoQvOApYSCmIJqvg0KA1frA7FEPsOFFUyIZmoAa8VIjtmJ94f7pc4CQ:1rTaHO:CXjwvjcWErnnq0stjM1sMLDsXkJiekIgpHQmdID0I_A", "expire_date": "2024-02-10T04:26:54.213Z"}}, {"model": "sessions.session", "pk": "u9kqkg3fxj3q6dhmhgh0ljk3o0uyhmg9", "fields": {"session_data": ".eJxVjDsOwjAQBe_iGll24l8o6XMGa-3dxQHkSHFSIe5OIqWA9s3Me4sI21ri1miJE4qrMOLyuyXIT6oHwAfU-yzzXNdlSvJQ5EmbHGek1-10_w4KtLLXpCB5RUZ1vrO90zY5HYJHzi4wBQD2PiPrRAaGQSG4Hk3aJfZWMaP4fAHpizia:1rS8xw:mxaKLSQV_Xul8G34Hvb5LFDc0VFXxFPfCVfWYSIHAeE", "expire_date": "2024-02-06T05:04:52.836Z"}}, {"model": "sessions.session", "pk": "vcyzy1mwfpicddtwzrybhlua8asa9bwf", "fields": {"session_data": ".eJxVjDsOgzAQBe_iOrIw_qxNmT5nsHbXJpAgHIGpotw9IFEk7Zt58xYRtzrEbc1LHJPohAJx-R0J-Znng6QHzvciucx1GUkeijzpKm8l5el6un-BAddhf3Mw2bMH7G1AqwESaPKO2PlstCE0fauACINuSSXHTllovEnaJgQV9mgtFaf4WkbOoms-X7x6PVs:1rR2iC:4OsTUCw2WqeTnVx28GhlVvS7l2mb0rih48Q4Cbdq8ug", "expire_date": "2024-02-03T04:12:04.850Z"}}, {"model": "sessions.session", "pk": "x2ydv8pprnp3x9w43hlnndivhm2tx8mj", "fields": {"session_data": ".eJxVjDsOwjAQBe_iGln-xjIlPWewdr1rHEC2FCcV4u4QKQW0b2beSyTY1pq2wUuaSZyFFqffDSE_uO2A7tBuXebe1mVGuSvyoENeO_Hzcrh_BxVG_dYFI1rOToMnrw1AweADgSZLnLN1RfmJozYllmyjZ7ITKhOcMgrIBPH-ABDvOH4:1rGmFr:LxIYAMpqAwdmxAsSJ32sQOAiIOeuyHEk3CWLjCF_Y_E", "expire_date": "2024-01-05T20:36:23.916Z"}}, {"model": "sessions.session", "pk": "xjn5875w0ybjwcwswbpx8owgwea0njxs", "fields": {"session_data": "e30:1rRfAs:y4oZUnvWGTeaauANNAC_OtfWKZaxW6rt4HQEFdhxB2U", "expire_date": "2024-02-04T21:16:14.730Z"}}, {"model": "sessions.session", "pk": "xjnkpl6jfog573jc4ln0264v192uencr", "fields": {"session_data": ".eJxVjDsOwjAQBe_iGln-xjIlPWewdr1rHEC2FCcV4u4QKQW0b2beSyTY1pq2wUuaSZyFFqffDSE_uO2A7tBuXebe1mVGuSvyoENeO_Hzcrh_BxVG_dYFI1rOToMnrw1AweADgSZLnLN1RfmJozYllmyjZ7ITKhOcMgrIBPH-ABDvOH4:1rRDUA:OdvpstDB8_JsUOZL_-OJsi_sq0CQLXuPCM0sjBzOtQo", "expire_date": "2024-02-03T15:42:18.953Z"}}, {"model": "sessions.session", "pk": "ywh8xo4divrto7diacmwa3490ta29spq", "fields": {"session_data": ".eJxVjDsOwjAUBO_iGll2_Kek5wzWJu-ZBFAsxUmFuDtESgHtzsy-RMa2jnlrvOSJxFk4cfrdegwPnndAd8y3Koc6r8vUy12RB23yWomfl8P9OxjRxm_dkTZMoQvOApYSCmIJqvg0KA1frA7FEPsOFFUyIZmoAa8VIjtmJ94f7pc4CQ:1rLxpn:llJkcXR13ASbOdBCGYH39LTFRQ6GWHiXDJVxsp_--4A", "expire_date": "2024-01-20T03:58:55.938Z"}}, {"model": "user.customuser", "pk": 1, "fields": {"password": "pbkdf2_sha256$720000$pnrgG7fptZBYYunY8tAPCD$8nqrgM9Kc121BJok836ejKaMIpyQiSsvTYmSHDcvEIY=", "last_login": "2024-01-26T13:57:43.665Z", "is_superuser": true, "email": "lyf@gmail.com", "first_name": "lyf", "last_name": "rentals", "phone_number": "8921573004", "is_active": true, "is_staff": true, "is_super": false, "date_joined": "2023-12-17T20:33:56.406Z", "referrer": null, "referral_code": null, "groups": [], "user_permissions": []}}, {"model": "user.customuser", "pk": 3, "fields": {"password": "pbkdf2_sha256$720000$eNsDiTj9NZPZ5xt24sxLT9$C9oT6EahAja+mQZh5zQF2ITlNCGeFFZzacfHX9Jm2jg=", "last_login": "2024-01-25T08:23:07.319Z", "is_superuser": false, "email": "prajunvelandi@gmail.com", "first_name": "Prajun", "last_name": "v", "phone_number": "9087654321", "is_active": true, "is_staff": true, "is_super": false, "date_joined": "2023-12-20T03:25:38Z", "referrer": null, "referral_code": "IfE5xMT4CX", "groups": [], "user_permissions": []}}, {"model": "user.customuser", "pk": 4, "fields": {"password": "pbkdf2_sha256$720000$0Jv23yt3w7Jt44s73gFsTI$4THeHPxeLVGzRFL72cmE2OFu57GUUmwY/7OEmXS7MNo=", "last_login": "2024-01-25T12:22:57.355Z", "is_superuser": false, "email": "gnairju@gmail.com", "first_name": "Ganga", "last_name": "N", "phone_number": "9876543210", "is_active": true, "is_staff": true, "is_super": false, "date_joined": "2023-12-20T03:32:39.166Z", "referrer": null, "referral_code": "q5CjLLwMbN", "groups": [], "user_permissions": []}}, {"model": "user.customuser", "pk": 5, "fields": {"password": "pbkdf2_sha256$720000$ESqu00uU9i0s2vbSLjoHND$PHULWxXyl9JIj3ac/bx8hZHJf7/MrIvwk91OgSwvv5E=", "last_login": "2024-01-27T04:26:54.213Z", "is_superuser": false, "email": "ammu854757@gmail.com", "first_name": "Ammu", "last_name": "U", "phone_number": "3232131232", "is_active": true, "is_staff": true, "is_super": false, "date_joined": "2023-12-20T18:08:45.275Z", "referrer": null, "referral_code": null, "groups": [], "user_permissions": []}}, {"model": "user.customuser", "pk": 6, "fields": {"password": "pbkdf2_sha256$720000$4ROgDbv2dlH5IFBcn6lEkF$cvnLR9bUHvTx4xe5FevfpLaMjqzCz67oxn2UZYT98EI=", "last_login": "2023-12-20T18:10:53.093Z", "is_superuser": false, "email": "unni7118@gmail.com", "first_name": "Unnikrishnan", "last_name": "A G", "phone_number": "90909090090", "is_active": true, "is_staff": false, "is_super": false, "date_joined": "2023-12-20T18:10:51.942Z", "referrer": null, "referral_code": null, "groups": [], "user_permissions": []}}, {"model": "user.customuser", "pk": 7, "fields": {"password": "pbkdf2_sha256$720000$usD8LpojZfzMDUYPzU0l95$QZUe8gMTG3MxW7uYIi1+1FJ1MFIMAp1jW/j2edsEFRQ=", "last_login": "2023-12-28T05:03:20.719Z", "is_superuser": false, "email": "jyothirgamaya34@gmail.com", "first_name": "jyo", "last_name": "t", "phone_number": "334233432", "is_active": true, "is_staff": false, "is_super": false, "date_joined": "2023-12-20T18:23:43.474Z", "referrer": null, "referral_code": null, "groups": [], "user_permissions": []}}, {"model": "user.customuser", "pk": 11, "fields": {"password": "pbkdf2_sha256$720000$qjm7YE4CXBnlqMMvUQcrzG$LrPbo3ulRGE5V8RQ5RI1z/6NcYmSUjbIUM1LdQXLibc=", "last_login": "2023-12-30T09:33:20.875Z", "is_superuser": false, "email": "anilkumarmeghna20@gmail.com", "first_name": "Ani", "last_name": "L", "phone_number": "21212121212111", "is_active": true, "is_staff": true, "is_super": false, "date_joined": "2023-12-22T08:36:25.542Z", "referrer": null, "referral_code": null, "groups": [], "user_permissions": []}}, {"model": "user.customuser", "pk": 13, "fields": {"password": "pbkdf2_sha256$720000$pOxOci9NUx4jvKcNRd2BL0$twGAnOFAXOGWhfdAgmkN84fI36y8qhfxJyxbQD7v+jw=", "last_login": "2024-01-19T16:06:29.441Z", "is_superuser": false, "email": "conviesta@gmail.com", "first_name": "Aswin", "last_name": "a", "phone_number": "12312321323", "is_active": true, "is_staff": false, "is_super": false, "date_joined": "2024-01-17T06:27:14.187Z", "referrer": null, "referral_code": null, "groups": [], "user_permissions": []}}, {"model": "user.customuser", "pk": 14, "fields": {"password": "pbkdf2_sha256$720000$kH9vCcRxoATXmBMeLxRva5$ijDYQESqTUe4E+Xz1w8mkCC2U/fI0LiMjaXhkRLVkcI=", "last_login": "2024-01-17T12:10:25.990Z", "is_superuser": false, "email": "abc@gmail.com", "first_name": "Helll", "last_name": "ss", "phone_number": "12313232322", "is_active": true, "is_staff": false, "is_super": false, "date_joined": "2024-01-17T12:10:23.975Z", "referrer": null, "referral_code": null, "groups": [], "user_permissions": []}}, {"model": "user.customuser", "pk": 15, "fields": {"password": "pbkdf2_sha256$720000$ViZhk6LWxwyJ4t7rxl4epH$VwtyGFiHQwoQq8NWnIBZ7gl3Wg11/D2Li3J0xKm+WSU=", "last_login": "2024-01-18T10:32:47.466Z", "is_superuser": false, "email": "xyz@gmail.com", "first_name": "test", "last_name": "user", "phone_number": "121212121212", "is_active": true, "is_staff": false, "is_super": false, "date_joined": "2024-01-18T04:31:34.820Z", "referrer": null, "referral_code": null, "groups": [], "user_permissions": []}}, {"model": "user.customuser", "pk": 16, "fields": {"password": "pbkdf2_sha256$720000$PRqQVbjQJkY6M9xFnhm7Ol$yC3IWfGvo2YVDXbQOoOW6ImgUTG84idFxgYYJK4Yy3k=", "last_login": "2024-01-18T10:37:14.675Z", "is_superuser": false, "email": "pqr@gmail.com", "first_name": "QP", "last_name": "R", "phone_number": "23987493743", "is_active": true, "is_staff": false, "is_super": false, "date_joined": "2024-01-18T10:37:13.440Z", "referrer": null, "referral_code": null, "groups": [], "user_permissions": []}}, {"model": "user.customuser", "pk": 17, "fields": {"password": "pbkdf2_sha256$720000$OO9Yu2nI15fUiAYdzrVFB8$ZctKDYZDDqMV/EkQJvgusuIf8MMpxmmdVjyicr3lIG8=", "last_login": "2024-01-25T12:18:07.854Z", "is_superuser": false, "email": "aswinspot007@gmail.com", "first_name": "Aswin", "last_name": "S", "phone_number": "2222222222", "is_active": true, "is_staff": true, "is_super": false, "date_joined": "2024-01-18T10:45:18.305Z", "referrer": null, "referral_code": "3mq3EGQlFz", "groups": [], "user_permissions": []}}, {"model": "user.customuser", "pk": 20, "fields": {"password": "pbkdf2_sha256$720000$DrnD28lSIRG7pwbO6AFSxA$FSLj/E1QofYudTTwTF4qGHCw1KlZmGfXsVvEJT6+xXw=", "last_login": "2024-01-26T13:51:52.707Z", "is_superuser": false, "email": "hi@gmail.com", "first_name": "h", "last_name": "qq", "phone_number": "2343423434", "is_active": true, "is_staff": false, "is_super": false, "date_joined": "2024-01-22T06:05:39.393Z", "referrer": null, "referral_code": "zkHEkTk6KJ", "groups": [], "user_permissions": []}}, {"model": "user.customuser", "pk": 21, "fields": {"password": "pbkdf2_sha256$720000$PDkWzn3Wj8d1V104Up9Wrg$vj0vuynPqyDz+LaXn0YyrPi0iwd5zRNPo48uXwZKcbs=", "last_login": "2024-01-22T14:03:08.253Z", "is_superuser": false, "email": "hello@gmail.com", "first_name": "Hello", "last_name": "Onnn", "phone_number": "2787875375", "is_active": true, "is_staff": false, "is_super": false, "date_joined": "2024-01-22T06:19:17.906Z", "referrer": 20, "referral_code": "0hBCRFZKJ9", "groups": [], "user_permissions": []}}, {"model": "user.customuser", "pk": 22, "fields": {"password": "pbkdf2_sha256$720000$w3s75tqVCCvjSKRmfyc5RC$MWA2tM+rKP3evMJO65aBVIc6eCUJFI5SjbB6/lGETOE=", "last_login": "2024-01-25T11:35:30.500Z", "is_superuser": false, "email": "test1@gmail.com", "first_name": "Test", "last_name": "1", "phone_number": "11111111111111", "is_active": true, "is_staff": true, "is_super": false, "date_joined": "2024-01-22T07:23:46.906Z", "referrer": 21, "referral_code": "qZmZd5Yuku", "groups": [], "user_permissions": []}}, {"model": "user.customuser", "pk": 23, "fields": {"password": "pbkdf2_sha256$720000$4s8hkR8nc1KDQwuHvqE0MC$B9Z01hOKFOdPAZwNg8jluxYbsIE9b9pxS1QYPamyNtM=", "last_login": "2024-01-26T13:59:18.585Z", "is_superuser": false, "email": "test2@gmail.com", "first_name": "Test", "last_name": "2", "phone_number": "3827498237", "is_active": true, "is_staff": false, "is_super": false, "date_joined": "2024-01-22T07:35:16.478Z", "referrer": 21, "referral_code": "PNJKrE0NK4", "groups": [], "user_permissions": []}}, {"model": "user.customuser", "pk": 24, "fields": {"password": "pbkdf2_sha256$720000$FouD1kB6BZ0mFt9v7lnywf$rrcVTufHjl16TNAfq1DKujHsO6ABElK0tA2/pCtbLJY=", "last_login": "2024-01-23T12:33:03.247Z", "is_superuser": false, "email": "test3@gmail.com", "first_name": "teest", "last_name": "3", "phone_number": "3749837498374", "is_active": true, "is_staff": false, "is_super": false, "date_joined": "2024-01-22T14:04:48.412Z", "referrer": 21, "referral_code": "vtuoU5e61z", "groups": [], "user_permissions": []}}, {"model": "user.customuser", "pk": 25, "fields": {"password": "pbkdf2_sha256$720000$LIJUy7lPqa1DNCqiQQ5qXN$eWItxZv/P+uIY4K1VZsLWFj+VzGDiu5MOV7zWpxI//k=", "last_login": "2024-01-22T14:08:18.350Z", "is_superuser": false, "email": "test4@gmail.com", "first_name": "Test", "last_name": "4", "phone_number": "3424323434232", "is_active": true, "is_staff": false, "is_super": false, "date_joined": "2024-01-22T14:08:17.158Z", "referrer": 21, "referral_code": "ATlBSlCPEl", "groups": [], "user_permissions": []}}, {"model": "user.customuser", "pk": 26, "fields": {"password": "pbkdf2_sha256$720000$z316EMwvGQf0yu2BfooL25$rwWaUrkv81CHJ3ja8dWdKiwTNunutcYoccO2WNz72H0=", "last_login": "2024-01-22T19:01:12.624Z", "is_superuser": false, "email": "test6@gmail.com", "first_name": "test", "last_name": "6", "phone_number": "43944234523", "is_active": true, "is_staff": false, "is_super": false, "date_joined": "2024-01-22T19:01:11.395Z", "referrer": null, "referral_code": "fFNuVsGpq0", "groups": [], "user_permissions": []}}, {"model": "user.customuser", "pk": 27, "fields": {"password": "pbkdf2_sha256$720000$qYIqYtu9UY9JCHE1czHOgy$lcIvxq+8wi2Lic3JR9aCUTCJQvZYdMqXOUWtgnBxgA8=", "last_login": "2024-01-22T19:02:59.669Z", "is_superuser": false, "email": "test9@gmail.com", "first_name": "test", "last_name": "9", "phone_number": "324789324354", "is_active": true, "is_staff": false, "is_super": false, "date_joined": "2024-01-22T19:02:58.310Z", "referrer": null, "referral_code": "yUDCePDyOG", "groups": [], "user_permissions": []}}, {"model": "user.customuser", "pk": 28, "fields": {"password": "pbkdf2_sha256$720000$MAgySOnj8ldmBwYYNjZ6Lw$KWT9uGK//LgtTK/aNZjtv12YY8Fi+/j2skU+PxUzzzM=", "last_login": "2024-01-22T19:03:45.509Z", "is_superuser": false, "email": "test10@gmail.com", "first_name": "test0", "last_name": "0", "phone_number": "27498273984", "is_active": true, "is_staff": false, "is_super": false, "date_joined": "2024-01-22T19:03:44.312Z", "referrer": null, "referral_code": "KjJ4Cs8apY", "groups": [], "user_permissions": []}}, {"model": "user.customuser", "pk": 29, "fields": {"password": "pbkdf2_sha256$720000$W5zbMuXd5WZewXPNVbtMSc$BP4+A8gzrdGXWpm5/LFuhBForMYn+P8NQmL0NBJ9+ME=", "last_login": "2024-01-22T19:04:34.605Z", "is_superuser": false, "email": "test11@gmail.com", "first_name": "test", "last_name": "11", "phone_number": "89579384755", "is_active": true, "is_staff": false, "is_super": false, "date_joined": "2024-01-22T19:04:33.427Z", "referrer": 28, "referral_code": "dxDnE8QgT9", "groups": [], "user_permissions": []}}, {"model": "user.customuser", "pk": 30, "fields": {"password": "pbkdf2_sha256$720000$QoYi2ynobrV5GS2oqYsFdM$qMo1oPpZXHybGHDEvBEWKg5POZ80QvGgEOX/TIAPHCs=", "last_login": "2024-01-22T19:05:15.359Z", "is_superuser": false, "email": "test12@gmail.com", "first_name": "test", "last_name": "12", "phone_number": "0257835035", "is_active": true, "is_staff": false, "is_super": false, "date_joined": "2024-01-22T19:05:13.998Z", "referrer": null, "referral_code": "mGK9mDf5kR", "groups": [], "user_permissions": []}}, {"model": "user.customuser", "pk": 31, "fields": {"password": "pbkdf2_sha256$720000$htSUvHQs9H3Mlr0lMzqOC5$UHpZseL81PrFwyYOGlY16seP+MsD1hXBFUj5jS/CnKk=", "last_login": "2024-01-25T10:57:15.847Z", "is_superuser": false, "email": "user1@gmail.com", "first_name": "user", "last_name": "1", "phone_number": "27472347373", "is_active": true, "is_staff": false, "is_super": false, "date_joined": "2024-01-22T19:14:39.064Z", "referrer": null, "referral_code": "VDW9Vw6EzL", "groups": [], "user_permissions": []}}, {"model": "user.customuser", "pk": 32, "fields": {"password": "pbkdf2_sha256$720000$7SuRrDiSdkU1sOru3wcPOB$5UXoci0SqcuDJMUGiLJXKxysdYhLDuKz5cCu+EEpsm4=", "last_login": "2024-01-24T04:10:43.393Z", "is_superuser": false, "email": "vvv@gmail.com", "first_name": "v", "last_name": "v", "phone_number": "123456789", "is_active": true, "is_staff": false, "is_super": false, "date_joined": "2024-01-24T03:49:22.134Z", "referrer": null, "referral_code": "gpaKxdee0M", "groups": [], "user_permissions": []}}, {"model": "user.customuser", "pk": 33, "fields": {"password": "pbkdf2_sha256$720000$UiOVQdkMTqKOYZAnFBYovA$y7UAi0w8UhKNE9W26Mw3+YG2jU7w/wTTkx8kWQYIzXw=", "last_login": "2024-01-25T10:44:19.979Z", "is_superuser": false, "email": "jan@gmail.com", "first_name": "Jan", "last_name": "U", "phone_number": "742374973298", "is_active": true, "is_staff": false, "is_super": false, "date_joined": "2024-01-25T10:44:18.749Z", "referrer": null, "referral_code": "sgWkXxuy8v", "groups": [], "user_permissions": []}}, {"model": "user.customuser", "pk": 34, "fields": {"password": "pbkdf2_sha256$720000$3GhYlKHKEFLCl2rln9RCt7$U00GzT21MC667fKikaSeV3AZDeOfaXYcIYn8ANjMUu8=", "last_login": "2024-01-25T10:54:23.072Z", "is_superuser": false, "email": "hrlo@gmail.com", "first_name": "Ajay kumar", "last_name": "Pv", "phone_number": "123456789012345", "is_active": true, "is_staff": false, "is_super": false, "date_joined": "2024-01-25T10:54:21.888Z", "referrer": null, "referral_code": "cJpswlcPEu", "groups": [], "user_permissions": []}}, {"model": "user.useraddress", "pk": 4, "fields": {"user": 7, "addressType": "Home", "firstname": "dfsd", "lastname": "fddfd", "address": "dfed", "street": "fdsfsd", "phone": "dfds", "city": "xadfs", "state": "dfs", "pincode": "121212"}}, {"model": "user.useraddress", "pk": 9, "fields": {"user": 4, "addressType": "Home", "firstname": "Ganga", "lastname": "N", "address": "Jyo", "street": "Paldjfl", "phone": "32798938247", "city": "ofnsd", "state": "dsnfos", "pincode": "123232"}}, {"model": "user.useraddress", "pk": 10, "fields": {"user": 4, "addressType": "Work", "firstname": "dfhds", "lastname": "fdds", "address": "dsdd", "street": "dfsn", "phone": "7843934278", "city": "jlljklljk", "state": "lnnkn", "pincode": "809809"}}, {"model": "user.useraddress", "pk": 15, "fields": {"user": 11, "addressType": "Home", "firstname": "Hell", "lastname": "sdf", "address": "sdfsdf", "street": "dfsdfs", "phone": "432342342", "city": "sdfsdffd", "state": "dfsfsddfs", "pincode": "324324"}}, {"model": "user.useraddress", "pk": 21, "fields": {"user": 1, "addressType": "home", "firstname": "hhh", "lastname": "jhfvjhfv", "address": "vjhvbbv", "street": "jhjh", "phone": "6755656565", "city": "jkbjk", "state": "jhj", "pincode": "678001"}}, {"model": "user.useraddress", "pk": 27, "fields": {"user": 4, "addressType": "hhih", "firstname": "djdjsk", "lastname": "dfssdf", "address": "dsdfsdfsdf", "street": "dsdfsdf", "phone": "83054754546", "city": "dfsfds", "state": "sfsdf", "pincode": "673001"}}, {"model": "user.useraddress", "pk": 28, "fields": {"user": 13, "addressType": "home", "firstname": "Aswin", "lastname": "d", "address": "djfldjfldf", "street": "dfdfd", "phone": "42343243333", "city": "dfdsfd", "state": "fdsfsdf", "pincode": "673001"}}, {"model": "user.useraddress", "pk": 29, "fields": {"user": 13, "addressType": "dghgi", "firstname": "12345", "lastname": "12345", "address": "yyjgu", "street": "uyiuy", "phone": "jhguy,yiku", "city": "yui", "state": "iyy", "pincode": "uyiu9"}}, {"model": "user.useraddress", "pk": 31, "fields": {"user": 14, "addressType": "Home", "firstname": "Ganga", "lastname": "nair", "address": "jdlkfjldkf", "street": "kjfldkjflk", "phone": "79847982374", "city": "flsdjfljd", "state": "fmdlsfj", "pincode": "673001"}}, {"model": "user.useraddress", "pk": 39, "fields": {"user": 25, "addressType": "home", "firstname": "Test", "lastname": "user", "address": "dlkfjdljflksjd", "street": "sjdflkjsdlkfjs", "phone": "247347803874", "city": "ldfj", "state": "lskjf", "pincode": "673002"}}, {"model": "user.useraddress", "pk": 40, "fields": {"user": 23, "addressType": "home", "firstname": "test2", "lastname": "2", "address": "tatjalkj", "street": "lajfljlksdfj", "phone": "87589759843", "city": "hkjdhf", "state": "jsdfljdls", "pincode": "673002"}}, {"model": "user.useraddress", "pk": 41, "fields": {"user": 22, "addressType": "Home", "firstname": "heoihjo", "lastname": "ldfjl;d", "address": "lkdjflsdjlf", "street": "flkdsjfljsd", "phone": "sdjflkjdl", "city": "lsjflk", "state": "lkfjsdo", "pincode": "673002"}}, {"model": "user.useraddress", "pk": 42, "fields": {"user": 5, "addressType": "home", "firstname": "ldfjlkjdsf", "lastname": "jsdfljl", "address": "jlskdjfklj", "street": "lfjlskdjfl", "phone": "089435780045", "city": "jdflk", "state": "jlfkdsj", "pincode": "673001"}}, {"model": "user.useraddress", "pk": 43, "fields": {"user": 32, "addressType": "zsdfv", "firstname": "ef", "lastname": "EFVEWC", "address": "SWEFWf", "street": "ewfwF", "phone": "231421343", "city": "EFASFE", "state": "WEQRWR", "pincode": "643211"}}, {"model": "user.useraddress", "pk": 44, "fields": {"user": 32, "addressType": "242", "firstname": "2351T", "lastname": "4324", "address": "E4", "street": "4", "phone": "123123", "city": "QWEF", "state": "WE", "pincode": "673002"}}, {"model": "user.useraddress", "pk": 45, "fields": {"user": 1, "addressType": "dfsd", "firstname": "dfdf`", "lastname": "dfd", "address": "fdf", "street": "fdsf", "phone": "54243424333", "city": "dhdhg", "state": "fhgfhg", "pincode": "673001"}}, {"model": "user.useraddress", "pk": 48, "fields": {"user": 31, "addressType": "hgghgggk", "firstname": "ghghghgh", "lastname": "ghuhhh", "address": "hjhjjhjh", "street": "jhjhjh", "phone": "1234567891", "city": "kozhikode", "state": "jhjhhjjh", "pincode": "673305"}}, {"model": "user.useraddress", "pk": 49, "fields": {"user": 31, "addressType": "ffghjhjgj", "firstname": "gghghgh", "lastname": "ggghghgh", "address": "ghgghggh", "street": "hgghghghghhgghgh", "phone": "1234567891", "city": "jhjhjhjh", "state": "hjhjjhhjjh", "pincode": "673002"}}, {"model": "user.useraddress", "pk": 50, "fields": {"user": 17, "addressType": "home", "firstname": "aswin", "lastname": "a", "address": "random address", "street": "street", "phone": "9876543210", "city": "kozhikde", "state": "kerala", "pincode": "673002"}}, {"model": "user.useraddress", "pk": 51, "fields": {"user": 17, "addressType": "work", "firstname": "aswin", "lastname": "a", "address": "address", "street": "street", "phone": "9876543210", "city": "CITY", "state": "STATE", "pincode": "201013"}}, {"model": "adminPanel.categories", "pk": 3, "fields": {"Name": "Books", "description": "Novel, Literatures,etc", "is_active": true}}, {"model": "adminPanel.categories", "pk": 10, "fields": {"Name": "Camera", "description": "Sony ", "is_active": true}}, {"model": "adminPanel.categories", "pk": 13, "fields": {"Name": "Laptop", "description": "Laptopss", "is_active": true}}, {"model": "adminPanel.categories", "pk": 14, "fields": {"Name": "Fitness", "description": "sports and fitness", "is_active": true}}, {"model": "adminPanel.product", "pk": 11, "fields": {"user": 4, "category": 3, "title": "Wings of fire", "description": "biography", "price": 5, "discounted_price": 1, "security": 1, "quantity": 0, "image": "uploads/product_images/wingsoffire_6xM77Iu.jpg", "pincodePro": "678001", "address": "", "street": "", "phone": null, "city": "", "state": "", "created_at": "2023-12-20T10:12:13.278Z", "updated_at": "2024-01-01T09:29:30.162Z", "availability": true, "is_active": true, "rentable": true}}, {"model": "adminPanel.product", "pk": 34, "fields": {"user": 4, "category": 3, "title": "Atomic Habits", "description": "Motivational books", "price": 7, "discounted_price": 1, "security": 1, "quantity": 4, "image": "uploads/product_images/atomichabits_VZRblrw.jpg", "pincodePro": "678001", "address": "", "street": "", "phone": null, "city": "", "state": "", "created_at": "2023-12-27T03:50:54.442Z", "updated_at": "2024-01-01T03:57:03.037Z", "availability": true, "is_active": true, "rentable": true}}, {"model": "adminPanel.product", "pk": 37, "fields": {"user": 4, "category": 3, "title": "God of small things", "description": "Award-winning book\r\nNeat and clean book", "price": 10, "discounted_price": 1, "security": 1, "quantity": 0, "image": "uploads/product_images/god_of_small_pBCcTj8.jpeg", "pincodePro": "673001", "address": "", "street": "", "phone": null, "city": "", "state": "", "created_at": "2024-01-01T08:00:15.427Z", "updated_at": "2024-01-20T04:05:12.520Z", "availability": true, "is_active": true, "rentable": true}}, {"model": "adminPanel.product", "pk": 39, "fields": {"user": 4, "category": 10, "title": "Gopro", "description": "\"\"gopro action camera \r\nMulti user\"\"", "price": 200, "discounted_price": 100, "security": 1000, "quantity": 2, "image": "uploads/product_images/gopro11side_gVKEoQv.webp", "pincodePro": "673001", "address": "", "street": "", "phone": null, "city": "", "state": "", "created_at": "2024-01-16T08:27:32.560Z", "updated_at": "2024-01-25T11:13:58.620Z", "availability": true, "is_active": false, "rentable": true}}, {"model": "adminPanel.product", "pk": 40, "fields": {"user": 5, "category": 10, "title": "sony", "description": "sony alpha\r\nclean and neat", "price": 200, "discounted_price": 100, "security": 1000, "quantity": 0, "image": "uploads/product_images/canonfront_l33t0ar.webp", "pincodePro": "673001", "address": "", "street": "", "phone": null, "city": "", "state": "", "created_at": "2024-01-17T05:22:22.588Z", "updated_at": "2024-01-25T06:14:57.278Z", "availability": true, "is_active": false, "rentable": true}}, {"model": "adminPanel.product", "pk": 41, "fields": {"user": 4, "category": 13, "title": "Hp laptop", "description": "Laptop \r\n512 GB\r\n8gb ram\r\nSSD", "price": 111, "discounted_price": 55, "security": 555, "quantity": 52, "image": "uploads/product_images/hp1.webp", "pincodePro": "673001", "address": "jyo", "street": "thir", "phone": "237437342782", "city": "fs", "state": "kerala", "created_at": "2024-01-20T05:45:41.862Z", "updated_at": "2024-01-25T12:21:04.848Z", "availability": true, "is_active": true, "rentable": true}}, {"model": "adminPanel.product", "pk": 42, "fields": {"user": 22, "category": 13, "title": "iphone 12 mini", "description": "iphone 12 mini \r\n256 gb \r\nbattery health 89%", "price": 200, "discounted_price": 100, "security": 1000, "quantity": 1, "image": "uploads/product_images/21.jpg", "pincodePro": "673002", "address": "hfodjfsdhf", "street": "fjsjdhfjksdhjkfvh", "phone": "4983749873892", "city": "jhsdjlfhljksdh", "state": "jdflksdlkfj", "created_at": "2024-01-23T04:48:14.715Z", "updated_at": "2024-01-26T13:57:26.482Z", "availability": true, "is_active": true, "rentable": true}}, {"model": "adminPanel.product", "pk": 43, "fields": {"user": 17, "category": 13, "title": "hp lap", "description": "laptop 256gb\r\nssd\r\n", "price": 299, "discounted_price": 299, "security": 1495, "quantity": 12, "image": "uploads/product_images/asuslaptop_nmRuy2P.webp", "pincodePro": "673001", "address": "sdfd", "street": "dsf", "phone": "121212121212120", "city": "fdsfs", "state": "sdffdf", "created_at": "2024-01-24T22:28:55.308Z", "updated_at": "2024-01-24T22:29:43.251Z", "availability": true, "is_active": true, "rentable": true}}, {"model": "adminPanel.product", "pk": 44, "fields": {"user": 17, "category": 14, "title": "Dumbells", "description": "Gym equipments\r\ndumbells for everyday workout", "price": 19, "discounted_price": 10, "security": 190, "quantity": 12, "image": "uploads/product_images/71Gt6NG29L._SX569_.jpg", "pincodePro": "673001", "address": "hsdflfh o", "street": "flkdkhflk", "phone": "347589749857", "city": "fdnjhsdjl", "state": "jsflkjslk", "created_at": "2024-01-25T04:12:33.384Z", "updated_at": "2024-01-26T13:56:09.755Z", "availability": true, "is_active": true, "rentable": true}}, {"model": "adminPanel.product", "pk": 45, "fields": {"user": 17, "category": 14, "title": "dumbellllls", "description": "dumbells\r\ngym \r\n", "price": 500, "discounted_price": 275, "security": 2500, "quantity": 0, "image": "uploads/product_images/71Gt6NG29L._SX569__IBZoAWA.jpg", "pincodePro": "673001", "address": "jfdlkjl", "street": "sljlskdj", "phone": "7328027348", "city": "lksdjflksj", "state": "jsflkj", "created_at": "2024-01-25T04:17:22.419Z", "updated_at": "2024-01-26T13:56:09.764Z", "availability": true, "is_active": true, "rentable": false}}, {"model": "adminPanel.product", "pk": 46, "fields": {"user": 17, "category": 14, "title": "dub", "description": "ldkfjlkdjf1", "price": 888, "discounted_price": 488, "security": 4440, "quantity": 12, "image": "uploads/product_images/41EiSL9ZmL._SY300_SX300__1QJQdQe.jpg", "pincodePro": "673001", "address": "dfnhhlkh", "street": "klfhldhf", "phone": "249387498323", "city": "lkdjfl", "state": "kdfjl", "created_at": "2024-01-25T04:26:28.932Z", "updated_at": "2024-01-26T13:56:09.774Z", "availability": true, "is_active": false, "rentable": true}}, {"model": "adminPanel.product", "pk": 47, "fields": {"user": 3, "category": 10, "title": "Sony S3", "description": "Some random description", "price": 100, "discounted_price": 50, "security": 55, "quantity": 5, "image": "uploads/product_images/9d5696196cfb3f4440ca99b1018c8ff91a53716d1948ba73ee3bb68f36571d7a.jpg", "pincodePro": "673001", "address": "Washington, DC", "street": "Geneva", "phone": "9090909090", "city": "Geneva", "state": "Geneva", "created_at": "2024-01-25T06:20:28.231Z", "updated_at": "2024-01-25T08:22:42.587Z", "availability": true, "is_active": true, "rentable": true}}, {"model": "adminPanel.multipleimage", "pk": 19, "fields": {"product": 39, "image": "uploads/product_images/gopro11side2_D5gb35m.webp"}}, {"model": "adminPanel.multipleimage", "pk": 20, "fields": {"product": 39, "image": "uploads/product_images/gopro11side_vvKXlB9.webp"}}, {"model": "adminPanel.multipleimage", "pk": 21, "fields": {"product": 40, "image": "uploads/product_images/canonside_ANXXn5N.webp"}}, {"model": "adminPanel.multipleimage", "pk": 22, "fields": {"product": 40, "image": "uploads/product_images/canonfront_oDez5zF.webp"}}, {"model": "adminPanel.multipleimage", "pk": 23, "fields": {"product": 40, "image": "uploads/product_images/canontop_iEwTzX2.webp"}}, {"model": "adminPanel.multipleimage", "pk": 24, "fields": {"product": 41, "image": "uploads/product_images/hp2.webp"}}, {"model": "adminPanel.multipleimage", "pk": 25, "fields": {"product": 41, "image": "uploads/product_images/hp1_OShRrce.webp"}}, {"model": "adminPanel.multipleimage", "pk": 26, "fields": {"product": 41, "image": "uploads/product_images/hp_laptop.webp"}}, {"model": "adminPanel.multipleimage", "pk": 27, "fields": {"product": 42, "image": "uploads/product_images/apple-iphone-12-dummyapplefsn-original-imafwg8dpyjvgg3j3.jpeg"}}, {"model": "adminPanel.multipleimage", "pk": 28, "fields": {"product": 42, "image": "uploads/product_images/apple-iphone-12-dummyapplefsn-original-imafwg8dpyjvgg3j.jpeg"}}, {"model": "adminPanel.multipleimage", "pk": 29, "fields": {"product": 42, "image": "uploads/product_images/apple-iphone-12-dummyapplefsn-original-imafwg8dtbx7uhm6.jpeg"}}, {"model": "adminPanel.multipleimage", "pk": 30, "fields": {"product": 42, "image": "uploads/product_images/apple-iphone-12-dummyapplefsn-original-imafwg8dubf3nytw.jpeg"}}, {"model": "adminPanel.multipleimage", "pk": 31, "fields": {"product": 42, "image": "uploads/product_images/apple-iphone-12-dummyapplefsn-original-imafwg8duby8qbn4.jpeg"}}, {"model": "adminPanel.multipleimage", "pk": 32, "fields": {"product": 42, "image": "uploads/product_images/apple-iphone-12-dummyapplefsn-original-imafwg8dzswzs2sq.jpeg"}}, {"model": "adminPanel.multipleimage", "pk": 33, "fields": {"product": 43, "image": "uploads/product_images/hp_i3_9LaTHL4.webp"}}, {"model": "adminPanel.multipleimage", "pk": 34, "fields": {"product": 43, "image": "uploads/product_images/asuslaptop_TmShbvF.webp"}}, {"model": "adminPanel.multipleimage", "pk": 38, "fields": {"product": 44, "image": "uploads/product_images/41EiSL9ZmL._SY300_SX300_.jpg"}}, {"model": "adminPanel.multipleimage", "pk": 39, "fields": {"product": 44, "image": "uploads/product_images/71Gt6NG29L._SX569__quW90BA.jpg"}}, {"model": "adminPanel.multipleimage", "pk": 40, "fields": {"product": 45, "image": "uploads/product_images/41EiSL9ZmL._SY300_SX300__aaCspo5.jpg"}}, {"model": "adminPanel.multipleimage", "pk": 41, "fields": {"product": 45, "image": "uploads/product_images/71Gt6NG29L._SX569__QYoDigF.jpg"}}, {"model": "adminPanel.multipleimage", "pk": 42, "fields": {"product": 46, "image": "uploads/product_images/41EiSL9ZmL._SY300_SX300__mWTGnvv.jpg"}}, {"model": "adminPanel.multipleimage", "pk": 43, "fields": {"product": 46, "image": "uploads/product_images/71Gt6NG29L._SX569__0zGhDJ0.jpg"}}, {"model": "adminPanel.coupons", "pk": 6, "fields": {"name": "FREEDELIVERY", "num": 1, "coupon_type": "delivery", "discount": 12.0, "created": "2024-01-07T19:49:32.524Z", "is_active": false}}, {"model": "adminPanel.coupons", "pk": 7, "fields": {"name": "FREECAT", "num": -20, "coupon_type": "delivery", "discount": 100.0, "created": "2024-01-08T17:55:13.285Z", "is_active": false}}, {"model": "adminPanel.coupons", "pk": 8, "fields": {"name": "DELI", "num": -21, "coupon_type": "delivery", "discount": 50.0, "created": "2024-01-09T05:27:18.102Z", "is_active": false}}, {"model": "adminPanel.coupons", "pk": 9, "fields": {"name": "FREE10", "num": 98, "coupon_type": "Total", "discount": 10.0, "created": "2024-01-16T04:40:57.647Z", "is_active": true}}, {"model": "adminPanel.productoffer", "pk": 15, "fields": {"product": 41, "discount_percentage": "50.00", "start_date": "2024-01-25", "end_date": "2024-01-28", "is_active": true}}, {"model": "adminPanel.productoffer", "pk": 16, "fields": {"product": 42, "discount_percentage": "50.00", "start_date": "2024-01-26", "end_date": "2024-01-28", "is_active": true}}, {"model": "adminPanel.categoryoffer", "pk": 9, "fields": {"category": 10, "discount_percentage": "50.00", "start_date": "2024-01-25", "end_date": "2024-01-31", "is_active": true}}, {"model": "adminPanel.categoryoffer", "pk": 10, "fields": {"category": 14, "discount_percentage": "45.00", "start_date": "2024-01-26", "end_date": "2024-02-10", "is_active": true}}, {"model": "provider.provider_credentials", "pk": 3, "fields": {"provider": 4, "pan_card": "bhu12312321", "pan_photo": "uploads/provider/cropped_ttYFxlj.jpg", "paypal_id": "sb-fxbjf29208477@personal.example.com"}}, {"model": "provider.provider_credentials", "pk": 4, "fields": {"provider": 5, "pan_card": "BHU12323123", "pan_photo": "uploads/provider/cropped_gJo2uSA.jpg", "paypal_id": "sb-fxbjf29208477@personal.example.com"}}, {"model": "cart.cart", "pk": 157, "fields": {"product": 11, "quantity": 1, "user": 14, "days_needed": 3}}, {"model": "cart.cart", "pk": 183, "fields": {"product": 42, "quantity": 1, "user": 4, "days_needed": 3}}, {"model": "cart.cart", "pk": 184, "fields": {"product": 41, "quantity": 11, "user": 22, "days_needed": 3}}, {"model": "cart.cart", "pk": 188, "fields": {"product": 41, "quantity": 1, "user": 24, "days_needed": 3}}, {"model": "cart.cart", "pk": 207, "fields": {"product": 41, "quantity": 1, "user": 32, "days_needed": 3}}, {"model": "cart.cart", "pk": 208, "fields": {"product": 11, "quantity": 1, "user": 32, "days_needed": 3}}, {"model": "cart.cart", "pk": 213, "fields": {"product": 42, "quantity": 1, "user": 20, "days_needed": 5}}, {"model": "cart.cart", "pk": 223, "fields": {"product": 44, "quantity": 1, "user": 33, "days_needed": 3}}, {"model": "cart.cart", "pk": 224, "fields": {"product": 44, "quantity": 1, "user": 34, "days_needed": 3}}, {"model": "cart.cart", "pk": 226, "fields": {"product": 37, "quantity": 1, "user": 22, "days_needed": 3}}, {"model": "cart.cart", "pk": 228, "fields": {"product": 41, "quantity": 1, "user": 17, "days_needed": 3}}, {"model": "cart.cart", "pk": 230, "fields": {"product": 34, "quantity": 1, "user": 23, "days_needed": 3}}, {"model": "order.order", "pk": 63, "fields": {"user": 4, "address": 27, "product": 40, "quantity": 1, "days_needed": 3, "date": "2024-01-17", "del_date": "2024-01-17", "ret_date": "2024-01-17", "total_price": 600, "is_active": true, "payment": false, "payment_provider": false, "caution_deposit": 1000, "delivery_charge": 40, "platform_charges": 6, "total_charges": 1646, "coupon": null, "offer_total_price": 0, "offer_delivery_charge": 0, "offer_caution_deposit": 0, "offer_total_charges": 0, "cancelled_rental": false, "distance": 0.0, "status": "", "payment_choice": ""}}, {"model": "order.order", "pk": 64, "fields": {"user": 13, "address": 28, "product": 39, "quantity": 1, "days_needed": 3, "date": "2024-01-17", "del_date": "2024-01-17", "ret_date": "2024-01-20", "total_price": 600, "is_active": true, "payment": true, "payment_provider": false, "caution_deposit": 1000, "delivery_charge": 40, "platform_charges": 6, "total_charges": 1646, "coupon": null, "offer_total_price": 0, "offer_delivery_charge": 0, "offer_caution_deposit": 0, "offer_total_charges": 0, "cancelled_rental": false, "distance": 0.0, "status": "completed", "payment_choice": ""}}, {"model": "order.order", "pk": 65, "fields": {"user": 13, "address": 29, "product": 40, "quantity": 5, "days_needed": 5, "date": "2024-01-17", "del_date": "2024-01-17", "ret_date": "2024-01-17", "total_price": 5000, "is_active": true, "payment": false, "payment_provider": false, "caution_deposit": 1000, "delivery_charge": 40, "platform_charges": 30, "total_charges": 6070, "coupon": null, "offer_total_price": 0, "offer_delivery_charge": 0, "offer_caution_deposit": 0, "offer_total_charges": 0, "cancelled_rental": false, "distance": 0.0, "status": "", "payment_choice": ""}}, {"model": "order.order", "pk": 66, "fields": {"user": 14, "address": 31, "product": 40, "quantity": 1, "days_needed": 3, "date": "2024-01-17", "del_date": "2024-01-17", "ret_date": "2024-01-20", "total_price": 600, "is_active": true, "payment": true, "payment_provider": false, "caution_deposit": 1000, "delivery_charge": 40, "platform_charges": 6, "total_charges": 1646, "coupon": null, "offer_total_price": 0, "offer_delivery_charge": 0, "offer_caution_deposit": 0, "offer_total_charges": 0, "cancelled_rental": false, "distance": 0.0, "status": "rental_period", "payment_choice": ""}}, {"model": "order.order", "pk": 68, "fields": {"user": 1, "address": 21, "product": 39, "quantity": 1, "days_needed": 3, "date": "2024-01-18", "del_date": "2024-01-18", "ret_date": "2024-01-18", "total_price": 600, "is_active": true, "payment": false, "payment_provider": false, "caution_deposit": 1000, "delivery_charge": 40, "platform_charges": 6, "total_charges": 1646, "coupon": 6, "offer_total_price": 600, "offer_delivery_charge": 35, "offer_caution_deposit": 1000, "offer_total_charges": 1641, "cancelled_rental": false, "distance": 0.0, "status": "confirmed", "payment_choice": ""}}, {"model": "order.order", "pk": 77, "fields": {"user": 13, "address": 28, "product": 39, "quantity": 2, "days_needed": 3, "date": "2024-01-20", "del_date": "2024-01-20", "ret_date": "2024-01-20", "total_price": 1200, "is_active": true, "payment": false, "payment_provider": false, "caution_deposit": 1000, "delivery_charge": 40, "platform_charges": 12, "total_charges": 2252, "coupon": null, "offer_total_price": 0, "offer_delivery_charge": 0, "offer_caution_deposit": 0, "offer_total_charges": 0, "cancelled_rental": false, "distance": 0.0, "status": "confirmed", "payment_choice": ""}}, {"model": "order.order", "pk": 87, "fields": {"user": 25, "address": 39, "product": 41, "quantity": 1, "days_needed": 3, "date": "2024-01-22", "del_date": "2024-01-22", "ret_date": "2024-01-22", "total_price": 333, "is_active": true, "payment": true, "payment_provider": false, "caution_deposit": 555, "delivery_charge": 40, "platform_charges": 3, "total_charges": 931, "coupon": null, "offer_total_price": 0, "offer_delivery_charge": 0, "offer_caution_deposit": 0, "offer_total_charges": 0, "cancelled_rental": true, "distance": 0.877986019316725, "status": "completed", "payment_choice": ""}}, {"model": "order.order", "pk": 92, "fields": {"user": 23, "address": 40, "product": 42, "quantity": 1, "days_needed": 3, "date": "2024-01-23", "del_date": "2024-01-23", "ret_date": "2024-01-26", "total_price": 600, "is_active": true, "payment": true, "payment_provider": false, "caution_deposit": 1000, "delivery_charge": 40, "platform_charges": 6, "total_charges": 1646, "coupon": 9, "offer_total_price": 0, "offer_delivery_charge": 40, "offer_caution_deposit": 1000, "offer_total_charges": 1046, "cancelled_rental": false, "distance": 0.0, "status": "completed", "payment_choice": ""}}, {"model": "order.order", "pk": 93, "fields": {"user": 22, "address": 41, "product": 41, "quantity": 1, "days_needed": 3, "date": "2024-01-23", "del_date": "2024-01-23", "ret_date": "2024-01-23", "total_price": 333, "is_active": false, "payment": false, "payment_provider": false, "caution_deposit": 555, "delivery_charge": 40, "platform_charges": 3, "total_charges": 931, "coupon": null, "offer_total_price": 0, "offer_delivery_charge": 0, "offer_caution_deposit": 0, "offer_total_charges": 0, "cancelled_rental": false, "distance": 0.877986019316725, "status": "", "payment_choice": ""}}, {"model": "order.order", "pk": 94, "fields": {"user": 22, "address": 41, "product": 41, "quantity": 1, "days_needed": 3, "date": "2024-01-23", "del_date": "2024-01-23", "ret_date": "2024-01-23", "total_price": 333, "is_active": true, "payment": false, "payment_provider": false, "caution_deposit": 555, "delivery_charge": 40, "platform_charges": 3, "total_charges": 931, "coupon": null, "offer_total_price": 0, "offer_delivery_charge": 40, "offer_caution_deposit": 555, "offer_total_charges": 598, "cancelled_rental": false, "distance": 0.877986019316725, "status": "confirmed", "payment_choice": "wallet"}}, {"model": "order.order", "pk": 95, "fields": {"user": 23, "address": 40, "product": 41, "quantity": 1, "days_needed": 3, "date": "2024-01-23", "del_date": "2024-01-23", "ret_date": "2024-01-23", "total_price": 333, "is_active": true, "payment": true, "payment_provider": false, "caution_deposit": 555, "delivery_charge": 40, "platform_charges": 3, "total_charges": 931, "coupon": null, "offer_total_price": 0, "offer_delivery_charge": 0, "offer_caution_deposit": 0, "offer_total_charges": 0, "cancelled_rental": true, "distance": 0.877986019316725, "status": "cancelled", "payment_choice": ""}}, {"model": "order.order", "pk": 96, "fields": {"user": 5, "address": 42, "product": 41, "quantity": 1, "days_needed": 3, "date": "2024-01-23", "del_date": "2024-01-23", "ret_date": "2024-01-23", "total_price": 333, "is_active": false, "payment": false, "payment_provider": false, "caution_deposit": 555, "delivery_charge": 40, "platform_charges": 3, "total_charges": 931, "coupon": null, "offer_total_price": 0, "offer_delivery_charge": 0, "offer_caution_deposit": 0, "offer_total_charges": 0, "cancelled_rental": false, "distance": 0.0, "status": "", "payment_choice": ""}}, {"model": "order.order", "pk": 97, "fields": {"user": 5, "address": 42, "product": 41, "quantity": 1, "days_needed": 3, "date": "2024-01-23", "del_date": "2024-01-23", "ret_date": "2024-01-23", "total_price": 333, "is_active": false, "payment": false, "payment_provider": false, "caution_deposit": 555, "delivery_charge": 40, "platform_charges": 3, "total_charges": 931, "coupon": null, "offer_total_price": 0, "offer_delivery_charge": 0, "offer_caution_deposit": 0, "offer_total_charges": 0, "cancelled_rental": false, "distance": 0.0, "status": "", "payment_choice": ""}}, {"model": "order.order", "pk": 98, "fields": {"user": 5, "address": 42, "product": 41, "quantity": 1, "days_needed": 3, "date": "2024-01-23", "del_date": "2024-01-23", "ret_date": "2024-01-23", "total_price": 333, "is_active": false, "payment": false, "payment_provider": false, "caution_deposit": 555, "delivery_charge": 40, "platform_charges": 3, "total_charges": 931, "coupon": null, "offer_total_price": 0, "offer_delivery_charge": 0, "offer_caution_deposit": 0, "offer_total_charges": 0, "cancelled_rental": false, "distance": 0.0, "status": "", "payment_choice": ""}}, {"model": "order.order", "pk": 99, "fields": {"user": 5, "address": 42, "product": 41, "quantity": 1, "days_needed": 3, "date": "2024-01-23", "del_date": "2024-01-23", "ret_date": "2024-01-23", "total_price": 333, "is_active": false, "payment": false, "payment_provider": false, "caution_deposit": 555, "delivery_charge": 40, "platform_charges": 3, "total_charges": 931, "coupon": null, "offer_total_price": 0, "offer_delivery_charge": 0, "offer_caution_deposit": 0, "offer_total_charges": 0, "cancelled_rental": false, "distance": 0.0, "status": "", "payment_choice": ""}}, {"model": "order.order", "pk": 100, "fields": {"user": 5, "address": 42, "product": 37, "quantity": 1, "days_needed": 3, "date": "2024-01-23", "del_date": "2024-01-23", "ret_date": "2024-01-23", "total_price": 30, "is_active": true, "payment": false, "payment_provider": false, "caution_deposit": 1, "delivery_charge": 40, "platform_charges": 0, "total_charges": 71, "coupon": null, "offer_total_price": 0, "offer_delivery_charge": 0, "offer_caution_deposit": 0, "offer_total_charges": 0, "cancelled_rental": false, "distance": 0.0, "status": "confirmed", "payment_choice": ""}}, {"model": "order.order", "pk": 101, "fields": {"user": 5, "address": 42, "product": 37, "quantity": 1, "days_needed": 3, "date": "2024-01-23", "del_date": "2024-01-23", "ret_date": "2024-01-23", "total_price": 30, "is_active": false, "payment": false, "payment_provider": false, "caution_deposit": 1, "delivery_charge": 40, "platform_charges": 0, "total_charges": 71, "coupon": null, "offer_total_price": 0, "offer_delivery_charge": 0, "offer_caution_deposit": 0, "offer_total_charges": 0, "cancelled_rental": false, "distance": 0.0, "status": "cancelled", "payment_choice": ""}}, {"model": "order.order", "pk": 102, "fields": {"user": 5, "address": 42, "product": 37, "quantity": 1, "days_needed": 3, "date": "2024-01-23", "del_date": "2024-01-23", "ret_date": "2024-01-23", "total_price": 30, "is_active": false, "payment": false, "payment_provider": false, "caution_deposit": 1, "delivery_charge": 40, "platform_charges": 0, "total_charges": 71, "coupon": null, "offer_total_price": 0, "offer_delivery_charge": 0, "offer_caution_deposit": 0, "offer_total_charges": 0, "cancelled_rental": false, "distance": 0.0, "status": "cancelled", "payment_choice": ""}}, {"model": "order.order", "pk": 103, "fields": {"user": 5, "address": 42, "product": 37, "quantity": 1, "days_needed": 3, "date": "2024-01-23", "del_date": "2024-01-23", "ret_date": "2024-01-23", "total_price": 30, "is_active": false, "payment": false, "payment_provider": false, "caution_deposit": 1, "delivery_charge": 40, "platform_charges": 0, "total_charges": 71, "coupon": null, "offer_total_price": 0, "offer_delivery_charge": 0, "offer_caution_deposit": 0, "offer_total_charges": 0, "cancelled_rental": false, "distance": 0.0, "status": "", "payment_choice": ""}}, {"model": "order.order", "pk": 104, "fields": {"user": 5, "address": 42, "product": 37, "quantity": 1, "days_needed": 3, "date": "2024-01-23", "del_date": "2024-01-23", "ret_date": "2024-01-23", "total_price": 30, "is_active": false, "payment": false, "payment_provider": false, "caution_deposit": 1, "delivery_charge": 40, "platform_charges": 0, "total_charges": 71, "coupon": null, "offer_total_price": 0, "offer_delivery_charge": 0, "offer_caution_deposit": 0, "offer_total_charges": 0, "cancelled_rental": false, "distance": 0.0, "status": "", "payment_choice": ""}}, {"model": "order.order", "pk": 105, "fields": {"user": 5, "address": 42, "product": 37, "quantity": 1, "days_needed": 3, "date": "2024-01-23", "del_date": "2024-01-23", "ret_date": "2024-01-23", "total_price": 30, "is_active": false, "payment": false, "payment_provider": false, "caution_deposit": 1, "delivery_charge": 40, "platform_charges": 0, "total_charges": 71, "coupon": null, "offer_total_price": 0, "offer_delivery_charge": 0, "offer_caution_deposit": 0, "offer_total_charges": 0, "cancelled_rental": false, "distance": 0.0, "status": "", "payment_choice": ""}}, {"model": "order.order", "pk": 106, "fields": {"user": 5, "address": 42, "product": 41, "quantity": 1, "days_needed": 3, "date": "2024-01-23", "del_date": "2024-01-23", "ret_date": "2024-01-23", "total_price": 333, "is_active": false, "payment": false, "payment_provider": false, "caution_deposit": 555, "delivery_charge": 40, "platform_charges": 3, "total_charges": 931, "coupon": null, "offer_total_price": 0, "offer_delivery_charge": 0, "offer_caution_deposit": 0, "offer_total_charges": 0, "cancelled_rental": false, "distance": 0.0, "status": "", "payment_choice": ""}}, {"model": "order.order", "pk": 107, "fields": {"user": 5, "address": 42, "product": 41, "quantity": 1, "days_needed": 3, "date": "2024-01-23", "del_date": "2024-01-23", "ret_date": "2024-01-23", "total_price": 333, "is_active": false, "payment": false, "payment_provider": false, "caution_deposit": 555, "delivery_charge": 40, "platform_charges": 3, "total_charges": 931, "coupon": null, "offer_total_price": 0, "offer_delivery_charge": 0, "offer_caution_deposit": 0, "offer_total_charges": 0, "cancelled_rental": false, "distance": 0.0, "status": "", "payment_choice": ""}}, {"model": "order.order", "pk": 108, "fields": {"user": 5, "address": 42, "product": 41, "quantity": 1, "days_needed": 3, "date": "2024-01-23", "del_date": "2024-01-23", "ret_date": "2024-01-23", "total_price": 333, "is_active": false, "payment": false, "payment_provider": false, "caution_deposit": 555, "delivery_charge": 40, "platform_charges": 3, "total_charges": 931, "coupon": null, "offer_total_price": 0, "offer_delivery_charge": 0, "offer_caution_deposit": 0, "offer_total_charges": 0, "cancelled_rental": false, "distance": 0.0, "status": "", "payment_choice": ""}}, {"model": "order.order", "pk": 109, "fields": {"user": 5, "address": 42, "product": 41, "quantity": 1, "days_needed": 3, "date": "2024-01-23", "del_date": "2024-01-23", "ret_date": "2024-01-23", "total_price": 333, "is_active": false, "payment": false, "payment_provider": false, "caution_deposit": 555, "delivery_charge": 40, "platform_charges": 3, "total_charges": 931, "coupon": null, "offer_total_price": 0, "offer_delivery_charge": 0, "offer_caution_deposit": 0, "offer_total_charges": 0, "cancelled_rental": false, "distance": 0.0, "status": "", "payment_choice": ""}}, {"model": "order.order", "pk": 110, "fields": {"user": 5, "address": 42, "product": 41, "quantity": 1, "days_needed": 3, "date": "2024-01-23", "del_date": "2024-01-23", "ret_date": "2024-01-23", "total_price": 333, "is_active": false, "payment": false, "payment_provider": false, "caution_deposit": 555, "delivery_charge": 40, "platform_charges": 3, "total_charges": 931, "coupon": null, "offer_total_price": 0, "offer_delivery_charge": 0, "offer_caution_deposit": 0, "offer_total_charges": 0, "cancelled_rental": false, "distance": 0.0, "status": "", "payment_choice": ""}}, {"model": "order.order", "pk": 111, "fields": {"user": 5, "address": 42, "product": 41, "quantity": 1, "days_needed": 3, "date": "2024-01-23", "del_date": "2024-01-23", "ret_date": "2024-01-23", "total_price": 333, "is_active": false, "payment": false, "payment_provider": false, "caution_deposit": 555, "delivery_charge": 40, "platform_charges": 3, "total_charges": 931, "coupon": null, "offer_total_price": 0, "offer_delivery_charge": 0, "offer_caution_deposit": 0, "offer_total_charges": 0, "cancelled_rental": false, "distance": 0.0, "status": "", "payment_choice": ""}}, {"model": "order.order", "pk": 112, "fields": {"user": 5, "address": 42, "product": 41, "quantity": 1, "days_needed": 3, "date": "2024-01-23", "del_date": "2024-01-23", "ret_date": "2024-01-23", "total_price": 333, "is_active": false, "payment": false, "payment_provider": false, "caution_deposit": 555, "delivery_charge": 40, "platform_charges": 3, "total_charges": 931, "coupon": null, "offer_total_price": 0, "offer_delivery_charge": 0, "offer_caution_deposit": 0, "offer_total_charges": 0, "cancelled_rental": false, "distance": 0.0, "status": "", "payment_choice": ""}}, {"model": "order.order", "pk": 113, "fields": {"user": 5, "address": 42, "product": 41, "quantity": 1, "days_needed": 3, "date": "2024-01-23", "del_date": "2024-01-23", "ret_date": "2024-01-23", "total_price": 333, "is_active": false, "payment": false, "payment_provider": false, "caution_deposit": 555, "delivery_charge": 40, "platform_charges": 3, "total_charges": 931, "coupon": null, "offer_total_price": 0, "offer_delivery_charge": 0, "offer_caution_deposit": 0, "offer_total_charges": 0, "cancelled_rental": false, "distance": 0.0, "status": "", "payment_choice": ""}}, {"model": "order.order", "pk": 114, "fields": {"user": 5, "address": 42, "product": 41, "quantity": 1, "days_needed": 3, "date": "2024-01-23", "del_date": "2024-01-23", "ret_date": "2024-01-23", "total_price": 333, "is_active": false, "payment": false, "payment_provider": false, "caution_deposit": 555, "delivery_charge": 40, "platform_charges": 3, "total_charges": 931, "coupon": null, "offer_total_price": 0, "offer_delivery_charge": 0, "offer_caution_deposit": 0, "offer_total_charges": 0, "cancelled_rental": false, "distance": 0.0, "status": "", "payment_choice": ""}}, {"model": "order.order", "pk": 115, "fields": {"user": 5, "address": 42, "product": 41, "quantity": 1, "days_needed": 3, "date": "2024-01-23", "del_date": "2024-01-23", "ret_date": "2024-01-23", "total_price": 333, "is_active": false, "payment": false, "payment_provider": false, "caution_deposit": 555, "delivery_charge": 40, "platform_charges": 3, "total_charges": 931, "coupon": null, "offer_total_price": 0, "offer_delivery_charge": 0, "offer_caution_deposit": 0, "offer_total_charges": 0, "cancelled_rental": false, "distance": 0.0, "status": "", "payment_choice": ""}}, {"model": "order.order", "pk": 116, "fields": {"user": 5, "address": 42, "product": 41, "quantity": 1, "days_needed": 3, "date": "2024-01-23", "del_date": "2024-01-23", "ret_date": "2024-01-23", "total_price": 333, "is_active": false, "payment": false, "payment_provider": false, "caution_deposit": 555, "delivery_charge": 40, "platform_charges": 3, "total_charges": 931, "coupon": null, "offer_total_price": 0, "offer_delivery_charge": 0, "offer_caution_deposit": 0, "offer_total_charges": 0, "cancelled_rental": false, "distance": 0.0, "status": "", "payment_choice": ""}}, {"model": "order.order", "pk": 117, "fields": {"user": 5, "address": 42, "product": 41, "quantity": 1, "days_needed": 3, "date": "2024-01-23", "del_date": "2024-01-23", "ret_date": "2024-01-23", "total_price": 333, "is_active": false, "payment": false, "payment_provider": false, "caution_deposit": 555, "delivery_charge": 40, "platform_charges": 3, "total_charges": 931, "coupon": null, "offer_total_price": 0, "offer_delivery_charge": 0, "offer_caution_deposit": 0, "offer_total_charges": 0, "cancelled_rental": false, "distance": 0.0, "status": "", "payment_choice": ""}}, {"model": "order.order", "pk": 118, "fields": {"user": 5, "address": 42, "product": 41, "quantity": 1, "days_needed": 3, "date": "2024-01-23", "del_date": "2024-01-23", "ret_date": "2024-01-23", "total_price": 333, "is_active": false, "payment": false, "payment_provider": false, "caution_deposit": 555, "delivery_charge": 40, "platform_charges": 3, "total_charges": 931, "coupon": null, "offer_total_price": 0, "offer_delivery_charge": 0, "offer_caution_deposit": 0, "offer_total_charges": 0, "cancelled_rental": false, "distance": 0.0, "status": "", "payment_choice": ""}}, {"model": "order.order", "pk": 119, "fields": {"user": 5, "address": 42, "product": 41, "quantity": 1, "days_needed": 3, "date": "2024-01-23", "del_date": "2024-01-23", "ret_date": "2024-01-23", "total_price": 333, "is_active": false, "payment": false, "payment_provider": false, "caution_deposit": 555, "delivery_charge": 40, "platform_charges": 3, "total_charges": 931, "coupon": null, "offer_total_price": 0, "offer_delivery_charge": 0, "offer_caution_deposit": 0, "offer_total_charges": 0, "cancelled_rental": false, "distance": 0.0, "status": "", "payment_choice": ""}}, {"model": "order.order", "pk": 120, "fields": {"user": 5, "address": 42, "product": 41, "quantity": 1, "days_needed": 3, "date": "2024-01-23", "del_date": "2024-01-23", "ret_date": "2024-01-23", "total_price": 333, "is_active": false, "payment": false, "payment_provider": false, "caution_deposit": 555, "delivery_charge": 40, "platform_charges": 3, "total_charges": 931, "coupon": null, "offer_total_price": 0, "offer_delivery_charge": 0, "offer_caution_deposit": 0, "offer_total_charges": 0, "cancelled_rental": false, "distance": 0.0, "status": "", "payment_choice": ""}}, {"model": "order.order", "pk": 121, "fields": {"user": 5, "address": 42, "product": 41, "quantity": 1, "days_needed": 3, "date": "2024-01-23", "del_date": "2024-01-23", "ret_date": "2024-01-23", "total_price": 333, "is_active": false, "payment": false, "payment_provider": false, "caution_deposit": 555, "delivery_charge": 40, "platform_charges": 3, "total_charges": 931, "coupon": null, "offer_total_price": 0, "offer_delivery_charge": 0, "offer_caution_deposit": 0, "offer_total_charges": 0, "cancelled_rental": false, "distance": 0.0, "status": "cancelled", "payment_choice": ""}}, {"model": "order.order", "pk": 122, "fields": {"user": 5, "address": 42, "product": 41, "quantity": 2, "days_needed": 3, "date": "2024-01-23", "del_date": "2024-01-23", "ret_date": "2024-01-23", "total_price": 666, "is_active": true, "payment": false, "payment_provider": false, "caution_deposit": 555, "delivery_charge": 40, "platform_charges": 6, "total_charges": 1267, "coupon": null, "offer_total_price": 0, "offer_delivery_charge": 0, "offer_caution_deposit": 0, "offer_total_charges": 0, "cancelled_rental": false, "distance": 0.0, "status": "confirmed", "payment_choice": ""}}, {"model": "order.order", "pk": 123, "fields": {"user": 32, "address": 44, "product": 41, "quantity": 26, "days_needed": 6, "date": "2024-01-24", "del_date": "2024-01-24", "ret_date": "2024-01-24", "total_price": 17316, "is_active": true, "payment": true, "payment_provider": false, "caution_deposit": 555, "delivery_charge": 40, "platform_charges": 30, "total_charges": 17941, "coupon": null, "offer_total_price": 0, "offer_delivery_charge": 0, "offer_caution_deposit": 0, "offer_total_charges": 0, "cancelled_rental": true, "distance": 0.877986019316725, "status": "cancelled", "payment_choice": ""}}, {"model": "order.order", "pk": 126, "fields": {"user": 1, "address": 45, "product": 47, "quantity": 1, "days_needed": 3, "date": "2024-01-25", "del_date": "2024-01-25", "ret_date": "2024-01-25", "total_price": 300, "is_active": true, "payment": false, "payment_provider": false, "caution_deposit": 55, "delivery_charge": 40, "platform_charges": 3, "total_charges": 398, "coupon": null, "offer_total_price": 0, "offer_delivery_charge": 0, "offer_caution_deposit": 0, "offer_total_charges": 0, "cancelled_rental": false, "distance": 0.0, "status": "confirmed", "payment_choice": ""}}, {"model": "order.order", "pk": 127, "fields": {"user": 1, "address": 45, "product": 47, "quantity": 1, "days_needed": 3, "date": "2024-01-25", "del_date": "2024-01-25", "ret_date": "2024-01-25", "total_price": 300, "is_active": false, "payment": false, "payment_provider": false, "caution_deposit": 55, "delivery_charge": 40, "platform_charges": 3, "total_charges": 398, "coupon": null, "offer_total_price": 0, "offer_delivery_charge": 0, "offer_caution_deposit": 0, "offer_total_charges": 0, "cancelled_rental": false, "distance": 0.0, "status": "", "payment_choice": ""}}, {"model": "order.order", "pk": 128, "fields": {"user": 1, "address": 45, "product": 47, "quantity": 1, "days_needed": 3, "date": "2024-01-25", "del_date": "2024-01-25", "ret_date": "2024-01-25", "total_price": 300, "is_active": false, "payment": false, "payment_provider": false, "caution_deposit": 55, "delivery_charge": 40, "platform_charges": 3, "total_charges": 398, "coupon": null, "offer_total_price": 0, "offer_delivery_charge": 0, "offer_caution_deposit": 0, "offer_total_charges": 0, "cancelled_rental": false, "distance": 0.0, "status": "", "payment_choice": ""}}, {"model": "order.order", "pk": 130, "fields": {"user": 23, "address": 40, "product": 47, "quantity": 1, "days_needed": 3, "date": "2024-01-25", "del_date": "2024-01-25", "ret_date": "2024-01-25", "total_price": 150, "is_active": true, "payment": false, "payment_provider": false, "caution_deposit": 55, "delivery_charge": 40, "platform_charges": 1, "total_charges": 246, "coupon": null, "offer_total_price": 0, "offer_delivery_charge": 0, "offer_caution_deposit": 0, "offer_total_charges": 0, "cancelled_rental": false, "distance": 0.877986019316725, "status": "confirmed", "payment_choice": ""}}, {"model": "order.order", "pk": 131, "fields": {"user": 31, "address": 49, "product": 45, "quantity": 19, "days_needed": 3, "date": "2024-01-25", "del_date": "2024-01-25", "ret_date": "2024-01-25", "total_price": 28500, "is_active": false, "payment": false, "payment_provider": false, "caution_deposit": 2500, "delivery_charge": 40, "platform_charges": 30, "total_charges": 31070, "coupon": null, "offer_total_price": 0, "offer_delivery_charge": 0, "offer_caution_deposit": 0, "offer_total_charges": 0, "cancelled_rental": false, "distance": 0.877986019316725, "status": "", "payment_choice": ""}}, {"model": "order.order", "pk": 132, "fields": {"user": 17, "address": 50, "product": 41, "quantity": 1, "days_needed": 3, "date": "2024-01-25", "del_date": "2024-01-25", "ret_date": "2024-01-25", "total_price": 165, "is_active": true, "payment": false, "payment_provider": false, "caution_deposit": 555, "delivery_charge": 40, "platform_charges": 1, "total_charges": 761, "coupon": null, "offer_total_price": 0, "offer_delivery_charge": 0, "offer_caution_deposit": 0, "offer_total_charges": 0, "cancelled_rental": false, "distance": 0.877986019316725, "status": "confirmed", "payment_choice": ""}}, {"model": "payments.user_wallet", "pk": 1, "fields": {"user": 5, "balance_amount": 1632, "updated_at": "2024-01-12T20:38:23.035Z"}}, {"model": "payments.user_wallet", "pk": 2, "fields": {"user": 13, "balance_amount": 0, "updated_at": "2024-01-17T06:27:15.396Z"}}, {"model": "payments.user_wallet", "pk": 3, "fields": {"user": 14, "balance_amount": 0, "updated_at": "2024-01-17T12:10:26.001Z"}}, {"model": "payments.user_wallet", "pk": 4, "fields": {"user": 15, "balance_amount": 0, "updated_at": "2024-01-18T04:31:36.027Z"}}, {"model": "payments.user_wallet", "pk": 5, "fields": {"user": 16, "balance_amount": 0, "updated_at": "2024-01-18T10:37:14.681Z"}}, {"model": "payments.user_wallet", "pk": 6, "fields": {"user": 17, "balance_amount": 3150, "updated_at": "2024-01-21T13:15:17.348Z"}}, {"model": "payments.user_wallet", "pk": 9, "fields": {"user": 20, "balance_amount": 0, "updated_at": "2024-01-22T06:05:40.700Z"}}, {"model": "payments.user_wallet", "pk": 10, "fields": {"user": 21, "balance_amount": 300, "updated_at": "2024-01-22T14:08:18.364Z"}}, {"model": "payments.user_wallet", "pk": 11, "fields": {"user": 23, "balance_amount": 1031, "updated_at": "2024-01-25T08:21:51.121Z"}}, {"model": "payments.user_wallet", "pk": 12, "fields": {"user": 24, "balance_amount": 100, "updated_at": "2024-01-22T14:04:49.742Z"}}, {"model": "payments.user_wallet", "pk": 13, "fields": {"user": 25, "balance_amount": 1031, "updated_at": "2024-01-22T14:11:37.954Z"}}, {"model": "payments.user_wallet", "pk": 14, "fields": {"user": 4, "balance_amount": 100, "updated_at": "2024-01-22T14:18:32.435Z"}}, {"model": "payments.user_wallet", "pk": 15, "fields": {"user": 26, "balance_amount": 0, "updated_at": "2024-01-22T19:01:12.631Z"}}, {"model": "payments.user_wallet", "pk": 16, "fields": {"user": 27, "balance_amount": 0, "updated_at": "2024-01-22T19:02:59.677Z"}}, {"model": "payments.user_wallet", "pk": 17, "fields": {"user": 28, "balance_amount": 100, "updated_at": "2024-01-22T19:04:34.621Z"}}, {"model": "payments.user_wallet", "pk": 18, "fields": {"user": 29, "balance_amount": 100, "updated_at": "2024-01-22T19:04:34.613Z"}}, {"model": "payments.user_wallet", "pk": 19, "fields": {"user": 30, "balance_amount": 0, "updated_at": "2024-01-22T19:05:15.368Z"}}, {"model": "payments.user_wallet", "pk": 20, "fields": {"user": 31, "balance_amount": 0, "updated_at": "2024-01-22T19:14:40.302Z"}}, {"model": "payments.user_wallet", "pk": 21, "fields": {"user": 32, "balance_amount": 17941, "updated_at": "2024-01-24T03:56:28.184Z"}}, {"model": "payments.user_wallet", "pk": 22, "fields": {"user": 33, "balance_amount": 0, "updated_at": "2024-01-25T10:44:19.979Z"}}, {"model": "payments.user_wallet", "pk": 23, "fields": {"user": 34, "balance_amount": 0, "updated_at": "2024-01-25T10:54:23.078Z"}}]
